{
"meta":{"test_sets":[],"test_metrics":[],"learn_metrics":[{"best_value":"Min","name":"MultiClass"}],"launch_mode":"Train","parameters":"","iteration_count":1000,"learn_sets":["learn"],"name":"experiment"},
"iterations":[
{"learn":[2.647508154],"iteration":0,"passed_time":0.2841910637,"remaining_time":283.9068727},
{"learn":[2.266519401],"iteration":1,"passed_time":0.3699487858,"remaining_time":184.6044441,,
{"learn":[1.951189895],"iteration":2,"passed_time":0.457865087,"remaining_time":152.1638306},
{"learn":[1.726515123],"iteration":3,"passed_time":0.5407599992,"remaining_time":134.6492398,,
{"learn":[1.566025592],"iteration":4,"passed_time":0.5975031587,"remaining_time":118.903128,
,
{"learn":[1.435674423],"iteration":5,"passed_time":0.6964768308,"remaining_time":115.382995,,
{"learn":[1.3048199],"iteration":6,"passed_time":0.7660289655,"remaining_time":108.6666804},
{"learn":[1.201859102],"iteration":7,"passed_time":0.8281616775,"remaining_time":102.692048,,
{"learn":[1.105408113],"iteration":8,"passed_time":0.8834490981,"remaining_time":97.2775618,
,
{"learn":[1.027736544],"iteration":9,"passed_time":0.9610665551,"remaining_time":95.145588,
{,
{"learn":[0.9499626336],"iteration":10,"passed_time":1.057124823,"remaining_time":95.045131,
{,
{"learn":[0.8859131675],"iteration":11,"passed_time":1.131645163,"remaining_time":93.17211,
{,
{"learn":[0.8264272799],"iteration":12,"passed_time":1.203482604,"remaining_time":91.372102,
{,
{"learn":[0.7747625321],"iteration":13,"passed_time":1.302357134,"remaining_time":91.723152,
{,
{"learn":[0.7237538471],"iteration":14,"passed_time":1.360398959,"remaining_time":89.33286,
{",
{"learn":[0.6765194357],"iteration":15,"passed_time":1.430170381,"remaining_time":87.955,
{"le,
{"learn":[0.6380282344],"iteration":16,"passed_time":1.505070953,"remaining_time":87.02,
{"lea,
{"learn":[0.6006420572],"iteration":17,"passed_time":1.581438505,"remaining_time":86.27,
{"lea,
{"learn":[0.5649558722],"iteration":18,"passed_time":1.651775762,"remaining_time":85.2,
{"lear,
{"learn":[0.5328454557],"iteration":19,"passed_time":1.755256862,"remaining_time":86.0,
{"lear,
{"learn":[0.5074172994],"iteration":20,"passed_time":1.824841954,"remaining_time":85.,
{"learn,
{"learn":[0.4826490839],"iteration":21,"passed_time":1.911391902,"remaining_time":84.97005819},
{"learn":[0.4577050641],"iteration":22,"passed_time":1.987945707,"remaining_time":84.44447634},
{"learn":[0.433561048],"iteration":23,"passed_time":2.050873486,"remaining_time":83.40218843},
{"learn":[0.4120738981],"iteration":24,"passed_time":2.112685795,"remaining_time":82.39474602},
{"learn":[0.3911361973],"iteration":25,"passed_time":2.190587391,"remaining_time":82.06277381},
{"learn":[0.3732845741],"iteration":26,"passed_time":2.272591779,"remaining_time":81.8974741},
{"learn":[0.3543991911],"iteration":27,"passed_time":2.345452941,"remaining_time":81.42072351},
{"learn":[0.3419701463],"iteration":28,"passed_time":2.410591222,"remaining_time":80.71324403},
{"learn":[0.3283580258],"iteration":29,"passed_time":2.48067074,"remaining_time":80,
{"learn",
{"learn":[0.3135583258],"iteration":30,"passed_time":2.553429744,"remaining_time":79.81527167},
{"learn":[0.2989605922],"iteration":31,"passed_time":2.633992836,"remaining_time":79.67828328},
{"learn":[0.2865893794],"iteration":32,"passed_time":2.711189982,"remaining_time":79.44608221},
{"learn":[0.2748810305],"iteration":33,"passed_time":2.797766553,"remaining_time":7,
{"learn":,
{"learn":[0.2648406832],"iteration":34,"passed_time":2.888847418,"remaining_time":79.64965023},
{"learn":[0.2548610413],"iteration":35,"passed_time":2.969447531,"remaining_time":79.51520611},
{"learn":[0.2446475025],"iteration":36,"passed_time":3.067219167,"remaining_time":79.83059616},
{"learn":[0.2354694181],"iteration":37,"passed_time":3.128157172,"remaining_time":79.19176842},
{"learn":[0.2262290118],"iteration":38,"passed_time":3.217510675,"remaining_time":79.28276304},
{"learn":[0.218991896],"iteration":39,"passed_time":3.280831139,"remaining_time":78.73994733},
{"learn":[0.2118997256],"iteration":40,"passed_time":3.365250553,"remaining_time":78.71403123},
{"learn":[0.2043758914],"iteration":41,"passed_time":3.428173627,"remaining_time":78.19500796},
{"learn":[0.1972577964],"iteration":42,"passed_time":3.493956406,"remaining_time":77.76084373},
{"learn":[0.1906289176],"iteration":43,"passed_time":3.579700776,"remaining_time":77.77713504},
{"learn":[0.1846839677],"iteration":44,"passed_time":3.652112622,"remaining_time":77.50594565},
{"learn":[0.1803770356],"iteration":45,"passed_time":3.733419765,"remaining_time":77.42787947},
{"learn":[0.1743148608],"iteration":46,"passed_time":3.794507073,"remaining_time":76.9396859,
,
{"learn":[0.1701301442],"iteration":47,"passed_time":3.895489022,"remaining_time":77.260532,
{,
{"learn":[0.1648314725],"iteration":48,"passed_time":3.970546892,"remaining_time":77.06102,
{",
{"learn":[0.1603190768],"iteration":49,"passed_time":4.048152817,"remaining_time":76.91490,
{",
{"learn":[0.1554382226],"iteration":50,"passed_time":4.126658522,"remaining_time":76.78821,
{"learn":[0.1478182738],"iteration":51,"passed_time":4.330571634,"remaining_time":78.9496521},
{"learn":[0.144286913],"iteration":52,"passed_time":4.405358419,"remaining_time":78.71461176},
{"learn":[0.1405570398],"iteration":53,"passed_time":4.48456145,"remaining_time":78.5628728},
{"lear,
{"learn":[0.1379084367],"iteration":54,"passed_time":4.427295914,"remaining_time":76.0,
{"lear,
{"learn":[0.1335764845],"iteration":55,"passed_time":4.501310861,"remaining_time":75.8,
{"lear,
{"learn":[0.1308365591],"iteration":56,"passed_time":4.566700436,"remaining_time":75.,
{"learn,
{"learn":[0.1284027012],"iteration":57,"passed_time":4.648059871,"remaining_time":75.,
{"learn,
{"learn":[0.1252259177],"iteration":58,"passed_time":4.725230997,"remaining_time":75.,
{"le,
{"learn":[0.1200080558],"iteration":59,"passed_time":4.825673198,"remaining_time":75.602,
{"le,
{"learn":[0.1169436462],"iteration":60,"passed_time":4.902520924,"remaining_time":75.466,
{"le,
{"learn":[0.1143198713],"iteration":61,"passed_time":4.991859906,"remaining_time":75.522,
{"le,
{"learn":[0.1119224133],"iteration":62,"passed_time":5.074060756,"remaining_time":75.466,
{"le,
{"learn":[0.1095614378],"iteration":63,"passed_time":5.154636859,"remaining_time":75.386,
{"le,
{"learn":[0.1072842491],"iteration":64,"passed_time":5.263449192,"remaining_time":75.712,
{"le,
{"learn":[0.1050248132],"iteration":65,"passed_time":5.361789467,"remaining_time":75.877,
{"le,
{"learn":[0.1030928081],"iteration":66,"passed_time":5.423416335,"remaining_time":75.523,
{"le,
{"learn":[0.101091254],"iteration":67,"passed_time":5.549076965,"remaining_time":76.054,
{"le,
{"learn":[0.09920900222],"iteration":68,"passed_time":5.636847981,"remaining_time":76.05,
{"lea,
{"learn":[0.09717903037],"iteration":69,"passed_time":5.706529266,"remaining_time":75.8,
{"lear,
{"learn":[0.09552569181],"iteration":70,"passed_time":5.770105542,"remaining_time":75,
{"learn",
{"learn":[0.09369475436],"iteration":71,"passed_time":5.863665384,"remaining_time":75,
{"learn",
{"learn":[0.09211709008],"iteration":72,"passed_time":5.930289809,"remaining_time":75,
{"learn,
{"learn":[0.08997165099],"iteration":73,"passed_time":6.00865617,"remaining_time":75.,
{"learn,
{"learn":[0.08863607361],"iteration":74,"passed_time":6.088189969,"remaining_time":75,
{"learn",
{"learn":[0.08743417143],"iteration":75,"passed_time":6.148857125,"remaining_time":7,
{"learn":,
{"learn":[0.0859465794],"iteration":76,"passed_time":6.227823678,"remaining_time":74,
{"learn",
{"learn":[0.08410667778],"iteration":77,"passed_time":6.29342612,"remaining_time":74.,
{"learn,
{"learn":[0.08244525434],"iteration":78,"passed_time":6.372412351,"remaining_time":74,
{"learn,,
{"learn":[0.08126516265],"iteration":79,"passed_time":6.458552941,"remaining_time":74,
{"learn,,
{"learn":[0.07954553754],"iteration":80,"passed_time":6.549025496,"remaining_time":74,
{"learn,,
{"learn":[0.07834190124],"iteration":81,"passed_time":6.633138975,"remaining_time":74,
{"lear,
,
{"learn":[0.07711913821],"iteration":82,"passed_time":6.702595381,"remaining_time":74,
{"lear,
,
{"learn":[0.07601616961],"iteration":83,"passed_time":6.78447115,"remaining_time":73.,
{"lear,,
{"learn":[0.07464344171],"iteration":84,"passed_time":6.872912834,"remaining_time":73,
{"learn,,
{"learn":[0.07321621039],"iteration":85,"passed_time":6.946106443,"remaining_time":,
{"learn":,,
{"learn":[0.07197655208],"iteration":86,"passed_time":7.032970794,"remaining_time",
{"learn":,
,
{"learn":[0.07090131035],"iteration":87,"passed_time":7.111838244,"remaining_time",
{"learn":,
,
{"learn":[0.06977126624],"iteration":88,"passed_time":7.180154859,"remaining_tim,
{"learn":[0,
,
{"learn":[0.06860085739],"iteration":89,"passed_time":7.240693096,"remaining_tim,
{"learn":[0,
,
{"learn":[0.06750057541],"iteration":90,"passed_time":7.305111661,"remaining_tim,
{"learn":[0,
,
{"learn":[0.06662182456],"iteration":91,"passed_time":7.395235147,"remaining_ti,
{"learn":[0.,
,
{"learn":[0.06579373259],"iteration":92,"passed_time":7.470179689,"remaining_ti,
{"learn":[0.,
,
{"learn":[0.06492376455],"iteration":93,"passed_time":7.529048648,"remaining_ti,
{"learn":[0.,
,
{"learn":[0.06379342136],"iteration":94,"passed_time":7.603029886,"remaining_ti,
{"learn":[0.,
{"learn":[0.0642071244],"iteration":95,"passed_time":7.694349604,"remaining_time",
{"learn":[0,
{"learn":[0.06324399919],"iteration":96,"passed_time":7.759645174,"remaining_time,
{"learn":[0.,
{"learn":[0.06240396055],"iteration":97,"passed_time":7.842616959,"remaining_tim,
{"learn":[0.,
{"learn":[0.06133918978],"iteration":98,"passed_time":7.927756415,"remaining_tim,
{"learn":[0.0,
{"learn":[0.06081169436],"iteration":99,"passed_time":7.997199176,"remaining_tim,
{"learn":[0.0,
{"learn":[0.06009617154],"iteration":100,"passed_time":8.07951077,"remaining_time,
{"learn":[0.,
{"learn":[0.05930297055],"iteration":101,"passed_time":8.154260334,"remaining_time,
{"learn":[0.,
{"learn":[0.05836899737],"iteration":102,"passed_time":8.212555908,"remaining_time,
{"learn":[0.,
{"learn":[0.05779583182],"iteration":103,"passed_time":8.293519851,"remaining_time,
{"learn":[0.,
{"learn":[0.05684028581],"iteration":104,"passed_time":8.381332361,"remaining_time,
{"learn":[0,
{"learn":[0.05620579788],"iteration":105,"passed_time":8.467948202,"remaining_time,
{"learn":[0.,
{"learn":[0.05544704926],"iteration":106,"passed_time":8.549829646,"remaining_time,
{"learn":[0.,
{"learn":[0.05457951621],"iteration":107,"passed_time":8.630735479,"remaining_tim,
{"learn":[0.0,
{"learn":[0.05391199294],"iteration":108,"passed_time":8.707584798,"remaining_tim,
{"learn":[0.0,
{"learn":[0.05327622521],"iteration":109,"passed_time":8.784418037,"remaining_tim,
{"learn":[0.0,
{"learn":[0.05266516639],"iteration":110,"passed_time":8.878029836,"remaining_tim,
{"learn":[0.0,
{"learn":[0.05197540943],"iteration":111,"passed_time":8.971797321,"remaining_time":71.1335359},
{"learn":[0.05128411755],"iteration":112,"passed_time":9.037838832,"remaining_time":70.94303579},
{"learn":[0.05063988478],"iteration":113,"passed_time":9.125259725,"remaining_time":70.92087821},
{"learn":[0.05009913755],"iteration":114,"passed_time":9.215221443,"remaining_time":70.91713893},
{"learn":[0.04941496466],"iteration":115,"passed_time":9.277178591,"remaining_time":70.69849892},
{"learn":[0.04881062373],"iteration":116,"passed_time":9.353039806,"remaining_time":70.58747135},
{"learn":[0.04816718485],"iteration":117,"passed_time":9.409748043,"remaining_time":70.33387944},
{"learn":[0.04751919798],"iteration":118,"passed_time":9.483523847,"remaining_time":70.20995386},
{"learn":[0.04694685774],"iteration":119,"passed_time":9.553309612,"remaining_time":70.05760382},
{"learn":[0.04636601222],"iteration":120,"passed_time":9.642543695,"remaining_time":70.04790007},
{"learn":[0.04574042257],"iteration":121,"passed_time":9.712297505,"remaini,
{"learn":[0.0482581,
{"learn":[0.04501887574],"iteration":122,"passed_time":9.788978611,"remai,
{"learn":[0.047836558,
{"learn":[0.04453414481],"iteration":123,"passed_time":9.862849394,"remai,
{"learn":[0.047223667,
{"learn":[0.04413081902],"iteration":124,"passed_time":9.944820153,"remai,
{"learn":[0.046864088,,
{"learn":[0.0437912732],"iteration":125,"passed_time":10.13290153,"remai,
{"learn":[0.046412126,
{"learn":[0.0434050023],"iteration":126,"passed_time":10.22469971,"remain,
{"learn":[0.04622710,
{"learn":[0.04296272137],"iteration":127,"passed_time":10.30969425,"remain,
{"learn":[0.04583891,
{"learn":[0.042320427],"iteration":128,"passed_time":10.26827432,"remaining_time":69.33075141},
,
{"learn":[0.04212658086],"iteration":129,"passed_time":10.46942547,"remaining_time":70.0646165,
{"learn":[0.04135112233],"iteration":130,"passed_time":10.4277313,"remaining_time":69.17327096},
{,
{"learn":[0.04100437661],"iteration":131,"passed_time":10.65079977,"remaining_time":70.0370,
{"l,
{"learn":[0.04054101136],"iteration":132,"passed_time":10.73277424,"remaining_time":69.964,
{"le,
{"learn":[0.04025691183],"iteration":133,"passed_time":10.79630149,"remaining_time":69.773,
{"le,
{"learn":[0.03981915209],"iteration":134,"passed_time":10.87617635,"remaining_time":69.688,
{"le,
{"learn":[0.03948209933],"iteration":135,"passed_time":10.96050879,"remaining_time":69.631,
{"le,
{"learn":[0.03892966399],"iteration":136,"passed_time":11.03073398,"remaining_time":69.4,
{"lear,
{"learn":[0.03855694611],"iteration":137,"passed_time":11.10684453,"remaining_time":69.3,
{"lear,
{"learn":[0.03817294663],"iteration":138,"passed_time":11.20599311,"remaining_time":69.,
{"learn,
{"learn":[0.03779719084],"iteration":139,"passed_time":11.29012844,"remaining_time":69.,
{"learn,
{"learn":[0.03752338521],"iteration":140,"passed_time":11.36726396,"remaining_time":69.,
{"learn,
{"learn":[0.03720194008],"iteration":141,"passed_time":11.43099067,"remaining_time":69,
{"learn",
{"learn":[0.0367998858],"iteration":142,"passed_time":11.52373988,"remaining_time":69.,
{"lear,
{"learn":[0.03643063148],"iteration":143,"passed_time":11.60292443,"remaining_time":68.9,
{"learn":[0.03602696143],"iteration":144,"passed_time":11.5474903,"remaining_time":68.09037381},
{"lear,
{"learn":[0.03566328042],"iteration":145,"passed_time":11.77698559,"remaining_time":68.8,
{"lea,
{"learn":[0.03536005875],"iteration":146,"passed_time":11.85760723,"remaining_time":68.80,
{"lea,
{"learn":[0.03514836858],"iteration":147,"passed_time":11.92151344,"remaining_time":68.6,
{"lear,
{"learn":[0.03471202606],"iteration":148,"passed_time":12.00429365,"remaining_time":68.5,
{"lear,
{"learn":[0.0344775992],"iteration":149,"passed_time":12.09432179,"remaining_time":68.53,
{"lea,
{"learn":[0.03420991262],"iteration":150,"passed_time":12.18750184,"remaining_time":68.52,
{"le,
{"learn":[0.03391993916],"iteration":151,"passed_time":12.27073806,"rema,
{"learn":[0.0365,
{"le,
{"learn":[0.03367691303],"iteration":152,"passed_time":12.34857721,"rema,
{"learn":[0.0363,
{"le,
{"learn":[0.03348269772],"iteration":153,"passed_time":12.4412904,"remaining_time":68.3463,
{"l,
{"learn":[0.03325690245],"iteration":154,"passed_time":12.52958209,"remaining_time":68.3064,
{"l,
{"learn":[0.03307933989],"iteration":155,"passed_time":12.62726111,"remaining_time":68.316,
{"le,
{"learn":[0.03275013439],"iteration":156,"passed_time":12.69108072,"remaining_time":68.143,
{"le,
{"learn":[0.03249693901],"iteration":157,"passed_time":12.78293623,"remaining_time":68.12,
{"lea,
{"learn":[0.03226730092],"iteration":158,"passed_time":12.84018275,"remaining_time":67.91,
{"lea,
{"learn":[0.03196555423],"iteration":159,"passed_time":12.93317477,"remaining_time":67.89,
{"lea,
{"learn":[0.03169693219],"iteration":160,"passed_time":13.01677436,"remaining_time":67.83,
{"lea,
{"learn":[0.03146299626],"iteration":161,"passed_time":13.09666002,"remaining_time":67.74,
{"lea,
{"learn":[0.03122451236],"iteration":162,"passed_time":13.16958838,"remaining_time":67.62,
{"lea,
{"learn":[0.03103443832],"iteration":163,"passed_time":13.23479787,"remaining_time":67.4,
{"lear,
{"learn":[0.03074195606],"iteration":164,"passed_time":13.31514255,"remaining_time":67.3,
{"lear,
{"learn":[0.03049524299],"iteration":165,"passed_time":13.40664201,"remaining_time":67.,
{"learn,
{"learn":[0.0301883653],"iteration":166,"passed_time":13.51090032,"remaining_time":67.3926944},
{"learn":[0.03006497093],"iteration":167,"passed_time":13.60725895,"remaining_time":67.38833004},
{"learn":[0.02983048981],"iteration":168,"passed_time":13.6820689,"remaining_time":67.27691865},
{"learn":[0.02959927172],"iteration":169,"passed_time":13.74821033,"remaining_time":67.12361514},
{"learn":[0.0294143629],"iteration":170,"passed_time":13.84051157,"remaining_time":67.09815256},
{"learn":[0.02924942403],"iteration":171,"passed_time":13.92580351,"remaining_time":67.0381704},
{"learn":[0.02910425201],"iteration":172,"passed_time":14.0203544,"remaining_time":67.02215656},
{"learn":[0.02887537282],"iteration":173,"passed_time":14.12046517,"remaining_time":67.0316335},
{"learn":[0.02871734776],"iteration":174,"passed_time":14.20788456,"remaining_time":66.98002723},
{"learn":[0.02847652699],"iteration":175,"passed_time":14.28630935,"remaining_time":66.88590286},
{"learn":[0.02834370468],"iteration":176,"passed_time":14.35952494,"remaining_time":66.76773459},
{"learn":[0.02817071533],"iteration":177,"passed_time":14.43562644,"remaining_time":66.66339853},
{"learn":[0.02802270171],"iteration":178,"passed_time":14.51987345,"remaining_time":66.59673799},
{"learn":[0.02788174823],"iteration":179,"passed_time":14.59431493,"remaining_time":66.48521245},
{"learn":[0.02769052024],"iteration":180,"passed_time":14.67430065,"remaining_time":66.39918361},
{"learn":[0.02751719351],"iteration":181,"passed_time":14.73698556,"remaining_time":66.23546256},
{"learn":[0.02736601212],"iteration":182,"passed_time":14.82154095,"remaining_time":66.1704861},
{"learn":[0.02710455936],"iteration":183,"passed_time":14.8759418,"remaining_time":65.97156799},
{"learn":[0.02692520072],"iteration":184,"passed_time":14.94950369,"remaining_time":65.85862438},
{"learn":[0.02675738086],"iteration":185,"passed_time":15.01240103,"remaining_time":65.69943246},
{"learn":[0.02660244725],"iteration":186,"passed_time":15.0909236,"remaining_time":65.6092026},
{"learn":[0.02638827113],"iteration":187,"passed_time":15.15599679,"remaining_time":65.4610074},
{"learn":[0.02627649619],"iteration":188,"passed_time":15.21382526,"remaining_time":65.28260468},
{"learn":[0.02601521888],"iteration":189,"passed_time":15.29646919,"remaining_time":65.21126339},
{"learn":[0.02582968468],"iteration":190,"passed_time":15.37800692,"remaining_time":65.13511833},
{"learn":[0.02563370696],"iteration":191,"passed_time":15.44941934,"remaining_time":65.01630639},
{"learn":[0.02546425399],"iteration":192,"passed_time":15.52508618,"remaining_time":64.91577487},
{"learn":[0.02533417921],"iteration":193,"passed_time":15.61420282,"remaining_time":64.87137871},
{"learn":[0.02511251507],"iteration":194,"passed_time":15.69515289,"remaining_time":64.79281063},
{"learn":[0.02498877862],"iteration":195,"passed_time":15.77780374,"remaining_time":64.72119494},
{"learn":[0.02479170574],"iteration":196,"passed_time":15.841262,"remaining_time":64.57123546},
{"learn":[0.02465748658],"iteration":197,"passed_time":15.9048245,"remaining_time":64.42257195},
{"learn":[0.02454705327],"iteration":198,"passed_time":15.99241106,"remaining_time":64.37146363},
{"learn":[0.02438904309],"iteration":199,"passed_time":16.07468498,"remaining_time":64.29873991},
{"learn":[0.0242248426],"iteration":200,"passed_time":16.14345508,"remaining_time":64.17224184},
{"learn":[0.02407842671],"iteration":201,"passed_time":16.22262868,"remaining_time":64.08741427},
{"learn":[0.02389425019],"iteration":202,"passed_time":16.33220619,"remaining_time":64.12201151},
{"learn":[0.02374038739],"iteration":203,"passed_time":16.41464148,"remaining_time":64.04928735},
{"learn":[0.02362565248],"iteration":204,"passed_time":16.49191109,"remaining_time":63.95643571},
{"learn":[0.02346042587],"iteration":205,"passed_time":16.56189155,"remaining_time":63.83564025},
{"learn":[0.02327548429],"iteration":206,"passed_time":16.64315303,"remaining_time":63.75855241},
{"learn":[0.0231152179],"iteration":207,"passed_time":16.72409271,"remaining_time":63.68019918},
{"learn":[0.02298720071],"iteration":208,"passed_time":16.79103261,"remaining_time":63.548,
{"le,
{"learn":[0.02286979367],"iteration":209,"passed_time":16.88738055,"remaining_time":63.5287173},
{"learn":[0.02273766803],"iteration":210,"passed_time":16.97520925,"remaining_time":63.47601944},
{"learn":[0.02262374555],"iteration":211,"passed_time":17.05519236,"remaining_time":63.39382821},
{"learn":[0.02252638943],"iteration":212,"passed_time":17.15193166,"remaining_time":63.37356911},
{"learn":[0.02238624232],"iteration":213,"passed_time":17.21895027,"remaining_time":63.24343418},
{"learn":[0.02222075705],"iteration":214,"passed_time":17.29455789,"remaining_time":63.14524626},
{"learn":[0.02211720386],"iteration":215,"passed_time":17.3824513,"remaining_time":63.09186029},
{"learn":[0.02191260447],"iteration":216,"passed_time":17.45806887,"remaining_time":62.99386139},
{"learn":[0.02178413428],"iteration":217,"passed_time":17.56744764,"remaining_time":63.01717455},
{"learn":[0.02170486952],"iteration":218,"passed_time":17.64756497,"remaining_time":62.93492348},
{"learn":[0.02160940861],"iteration":219,"passed_time":17.73818187,"remaining_time":62.88991753},
{"learn":[0.02151180279],"iteration":220,"passed_time":17.81395144,"remaining_time":62.792,
{"le,
{"learn":[0.02141124253],"iteration":221,"passed_time":17.88617698,"remaining_time":62.,
{"lear,
{"learn":[0.02129459969],"iteration":222,"passed_time":17.99525288,"remaining_time":62.7,
{"lear,
{"learn":[0.02116561007],"iteration":223,"passed_time":18.075246,"remaining_time":62.617,
{"l,
{"learn":[0.02105350723],"iteration":224,"passed_time":18.15383951,"remaining_time":62.5298,
{"l,
{"learn":[0.02094890641],"iteration":225,"passed_time":18.25694555,"remaining_time":62.52599936},
{"learn":[0.02086603097],"iteration":226,"passed_time":18.33466271,"remaining_time":62.43477654},
{"learn":[0.02074222566],"iteration":227,"passed_time":18.41378669,"remaining_time":62.34843564},
{"learn":[0.02061695511],"iteration":228,"passed_time":18.49279565,"remaining_time":62.261,
{"le,
{"learn":[0.0204868029],"iteration":229,"passed_time":18.58164751,"remaining_time":62.2081,
{"l,
{"learn":[0.02040146955],"iteration":230,"passed_time":18.65690914,"remaining_time":62.108,
{"l,
{"learn":[0.02032348345],"iteration":231,"passed_time":18.73172498,"remaining_time":62.008,
{"le,
{"learn":[0.02022205945],"iteration":232,"passed_time":18.79959401,"remaining_time":61.885,
{"le,
{"learn":[0.02010801278],"iteration":233,"passed_time":18.88075133,"remaining_time":61.80,
{"lea,
{"learn":[0.01999881851],"iteration":234,"passed_time":18.95024839,"remaining_time":61.68,
{"lea,
{"learn":[0.01992343303],"iteration":235,"passed_time":19.0180648,"remaining_time":61.566,
{"le,
{"learn":[0.01981228796],"iteration":236,"passed_time":19.08314905,"remaining_time":61.436,
{"l,
{"learn":[0.0196661206],"iteration":237,"passed_time":19.1352246,"remaining_time":61.2648,
{"l,
{"learn":[0.01958378771],"iteration":238,"passed_time":19.21005142,"remaining_time":61.1667,
{"l,
{"learn":[0.01948473377],"iteration":239,"passed_time":19.29091531,"remaining_time":61.0878,
{"l,
{"learn":[0.01936667409],"iteration":240,"passed_time":19.37422263,"remaining_time":61.016,
{"le,
{"learn":[0.01927253272],"iteration":241,"passed_time":19.45129959,"remaining_time":60.925,
{"le,
{"learn":[0.01914034818],"iteration":242,"passed_time":19.53072121,"remaining_time":60.842,
{"learn":[0.01942737751],"iteration":243,"passed_time":19.2045045,"remaining_time":59.50248117},
{"learn":[0.01936509833],"iteration":244,"passed_time":19.28916638,"remaining_time":59.44212498},
{"learn":[0.01927645145],"iteration":245,"passed_time":19.36015852,"remaining_time":59.33967287},
{"learn":[0.01918105841],"iteration":246,"passed_time":19.43118348,"remaining_time":59.23757556},
{"learn":[0.01910845511],"iteration":247,"passed_time":19.49718415,"remaining_time":59.12049387},
{"learn":[0.01899506527],"iteration":248,"passed_time":19.58436972,"remaining_time":59.06771749},
{"learn":[0.01891344775],"iteration":249,"passed_time":19.65770099,"remaining_time":58.97310296},
{"learn":[0.01882156477],"iteration":250,"passed_time":19.75201506,"remaining_time":58.94127204},
{"learn":[0.01871784427],"iteration":251,"passed_time":19.85929578,"remaining_time":58.94743352},
{"learn":[0.01860135924],"iteration":252,"passed_time":19.92707025,"remaining_time":58.83605327},
{"learn":[0.0185462759],"iteration":253,"passed_time":19.98870618,"remaining_time":58.70698743},
{"learn":[0.01848900555],"iteration":254,"passed_time":20.06262532,"remaining_time":58.61433671},
{"learn":[0.01844780207],"iteration":255,"passed_time":20.14162186,"remaining_time":58.53658853},
{"learn":[0.01838857536],"iteration":256,"passed_time":20.22335066,"remaining_time":58.46672972},
{"learn":[0.01828193786],"iteration":257,"passed_time":20.31264714,"remaining_time":58.41854334},
{"learn":[0.01819712646],"iteration":258,"passed_time":20.40111452,"remaining_time":58.36766742},
{"learn":[0.01806803579],"iteration":259,"passed_time":20.47670267,"remaining_time":58.27984605},
{"learn":[0.01797806584],"iteration":260,"passed_time":20.54324098,"remaining_time":58.16649459},
{"learn":[0.01788881584],"iteration":261,"passed_time":20.63430464,"remaining_time":58.12258331},
{"learn":[0.01782059823],"iteration":262,"passed_time":20.71432888,"remaining_time":58.04737789},
{"learn":[0.01774363012],"iteration":263,"passed_time":20.81402841,"remaining_time":58.0269883},
{"learn":[0.01767840293],"iteration":264,"passed_time":20.89381461,"remaining_time":57.95076883},
{"learn":[0.01761054124],"iteration":265,"passed_time":20.96223172,"remaining_time":57.8431507},
{"learn":[0.01753395693],"iteration":266,"passed_time":21.03816502,"remaining_time":57.75646053},
{"learn":[0.01747475383],"iteration":267,"passed_time":21.13270476,"remaining_time":57.72067122},
{"learn":[0.01737204688],"iteration":268,"passed_time":21.22548055,"remaining_time":57.67965161},
{"learn":[0.01729474371],"iteration":269,"passed_time":21.30496316,"remaining_time":57.60230781},
{"learn":[0.01718193793],"iteration":270,"passed_time":21.36898602,"remaining_time":57.48336093},
{"learn":[0.01712519747],"iteration":271,"passed_time":21.43512639,"remaining_time":57.37048534},
{"learn":[0.01707247769],"iteration":272,"passed_time":21.50999688,"remaining_time":57.28120049},
{"learn":[0.01700303224],"iteration":273,"passed_time":21.60136025,"remaining_time":57.23572097},
{"learn":[0.01692022376],"iteration":274,"passed_time":21.70750939,"remaining_time":57.2288884},
{"learn":[0.01682982832],"iteration":275,"passed_time":21.76706652,"remaining_time":57.09911653},
{"learn":[0.01676648314],"iteration":276,"passed_time":21.83024276,"remaining_time":56.97929789},
{"learn":[0.01669920048],"iteration":277,"passed_time":21.88033576,"remaining_time":56.82590798},
{"learn":[0.01663045052],"iteration":278,"passed_time":21.9460206,"remaining_time":56.71355144},
{"learn":[0.0165534152],"iteration":279,"passed_time":22.02556153,"remaining_time":56.63715823},
{"learn":[0.01648636328],"iteration":280,"passed_time":22.11418674,"remaining_time":56.58398672},
{"learn":[0.01637117241],"iteration":281,"passed_time":22.18924229,"remaining_time":56.49601406},
{"learn":[0.0163255233],"iteration":282,"passed_time":22.28280864,"remaining_time":56.45503107},
{"learn":[0.01627073081],"iteration":283,"passed_time":22.36322652,"remaining_time":56.38052884},
{"learn":[0.01622130821],"iteration":284,"passed_time":22.45504224,"remaining_time":56.33457966},
{"learn":[0.01616240022],"iteration":285,"passed_time":22.53168651,"remaining_time":56.25043415},
{"learn":[0.01606908393],"iteration":286,"passed_time":22.6121545,"remaining_time":56.17584026},
{"learn":[0.01598965632],"iteration":287,"passed_time":22.68900219,"remaining_time":56.09225542},
{"learn":[0.01592231017],"iteration":288,"passed_time":22.75016676,"remaining_time":55.97013346},
{"learn":[0.01586869745],"iteration":289,"passed_time":22.84002347,"remaining_time":55.91867815},
{"learn":[0.01581277826],"iteration":290,"passed_time":22.91651413,"remaining_time":55.83439353},
{"learn":[0.01576028206],"iteration":291,"passed_time":22.9891162,"remaining_time":55.74073379},
{"learn":[0.01569501197],"iteration":292,"passed_time":23.04653433,"remaining_time":55.61057943},
{"learn":[0.01564778837],"iteration":293,"passed_time":23.11497246,"remaining_time":55.50738286},
{"learn":[0.01559497557],"iteration":294,"passed_time":23.2073395,"remaining_time":55.46160795},
{"learn":[0.01553069391],"iteration":295,"passed_time":23.28845169,"remaining_time":55.38874997},
{"learn":[0.01545429097],"iteration":296,"passed_time":23.35983679,"remaining_time":55.29281234},
{"learn":[0.01539462862],"iteration":297,"passed_time":23.44722159,"remaining_time":55.23473005,,
{"learn":[0.01533549513],"iteration":298,"passed_time":23.52257413,"remaining_time":55.14824237,
{"learn":[0.01523629117],"iteration":299,"passed_time":23.99474282,"remaining_time":55.98773324},
{"learn":[0.01518132486],"iteration":300,"passed_time":24.07936414,"remaining_time":55.91852337},
{"learn":[0.01512476519],"iteration":301,"passed_time":24.15083206,"remaining_time":55.81881,
{",
{"learn":[0.01506799159],"iteration":302,"passed_time":24.22112888,"remaining_time":55.71659,
{,
{"learn":[0.01501094824],"iteration":303,"passed_time":24.28626275,"remaining_time":55.602759,
{,
{"learn":[0.01497221251],"iteration":304,"passed_time":24.39163209,"remaining_time":55.58093,
{",
{"learn":[0.01493611301],"iteration":305,"passed_time":24.4648427,"remaining_time":55.485623,
{"learn":[0.01487471401],"iteration":306,"passed_time":24.21117404,"remaining_time":54.65258504},
{,
{"learn":[0.01482106685],"iteration":307,"passed_time":24.67187061,"remaining_time":55.431605,
{,
{"learn":[0.01478273191],"iteration":308,"passed_time":24.77681396,"remaining_time":55.40705},
{"learn":[0.0147547355],"iteration":309,"passed_time":24.85455272,"remaining_time":55.32142379},,
{"learn":[0.01468318284],"iteration":310,"passed_time":24.54277129,"remaining_time":54.37289202,,
{"learn":[0.01462536328],"iteration":311,"passed_time":24.62728166,"remaining_time":54.3063134},
{"learn":[0.0145798993],"iteration":312,"passed_time":24.73881826,"remaining_time":54.29893977},
{"learn":[0.01452593348],"iteration":313,"passed_time":24.82639947,"remaining_time":54.23856699},
{"learn":[0.01445109176],"iteration":314,"passed_time":24.89320296,"remaining_time":54.13283818},
{"learn":[0.01437718137],"iteration":315,"passed_time":24.98492886,"remaining_time":54.08130171},
{"learn":[0.01430014958],"iteration":316,"passed_time":25.0452751,"remaining_time":53.96190187},
{"learn":[0.01424883408],"iteration":317,"passed_time":25.15152167,"remaining_time":53.94131376,,
{"learn":[0.01420411542],"iteration":318,"passed_time":25.22767423,"remaining_time":53.85594405},
{"learn":[0.01417592618],"iteration":319,"passed_time":25.31170061,"remaining_time":53.7873638},
{"learn":[0.01414703363],"iteration":320,"passed_time":25.37869217,"remaining_time":53.68265416,,
{"learn":[0.01408423617],"iteration":321,"passed_time":25.45260589,"remaining_time":53.5927540,
,
{"learn":[0.01404235753],"iteration":322,"passed_time":25.52501752,"remaining_time":53.4998045,
,
{"learn":[0.01400294614],"iteration":323,"passed_time":25.61646129,"remaining_time":53.4466908,
,
{"learn":[0.0139250403],"iteration":324,"passed_time":25.69666203,"remaining_time":53.36999036,,
{"learn":[0.01386176603],"iteration":325,"passed_time":25.77077415,"remaining_time":53.2806803},
{"learn":[0.0138185024],"iteration":326,"passed_time":25.8480778,"remaining_time":53.19803167},
{"learn":[0.01377847737],"iteration":327,"passed_time":25.93425964,"remaining_time":53.13360512},
{"learn":[0.01375519151],"iteration":328,"passed_time":26.03970699,"remaining_time":53.10833857},
{"learn":[0.01371710272],"iteration":329,"passed_time":26.13158684,"remaining_time":53.05503996},
{"learn":[0.01368097254],"iteration":330,"passed_time":26.20751957,"remaining_time":52.96927672},
{"learn":[0.01363320899],"iteration":331,"passed_time":26.29603217,"remaining_time":52.90888401},
{"learn":[0.01359333218],"iteration":332,"passed_time":26.36539161,"remaining_time":52.8099585,
,
{"learn":[0.01354580223],"iteration":333,"passed_time":26.45590023,"remaining_time":52.7533818,
,
{"learn":[0.0134992247],"iteration":334,"passed_time":26.51831593,"remaining_time":52.6408361},
{"learn":[0.01345962346],"iteration":335,"passed_time":26.57728812,"remaining_time":52.52178367,,
{"learn":[0.01341166097],"iteration":336,"passed_time":26.67209454,"remaining_time":52.47358659,,
{"learn":[0.01338494248],"iteration":337,"passed_time":26.71983627,"remaining_time":52.3329337,
,
{"learn":[0.01333929487],"iteration":338,"passed_time":26.77987737,"remaining_time":52.21,
{"lea,
{"learn":[0.01330058586],"iteration":339,"passed_time":26.8692803,"remaining_time":52.158,
{"l,
{"learn":[0.01325724699],"iteration":340,"passed_time":26.97362141,"remaining_time":52.1279,
{"l,
{"learn":[0.01322782995],"iteration":341,"passed_time":27.05024132,"remaining_time":52.0440,
{"l,
{"learn":[0.01319248139],"iteration":342,"passed_time":27.12528974,"remaining_time":51.9571,
{"l,
{"learn":[0.0131652036],"iteration":343,"passed_time":27.19763681,"remaining_time":51.86526,
{",
{"learn":[0.01312523957],"iteration":344,"passed_time":27.26899408,"remaining_time":51.77156,
{",
{"learn":[0.01307117378],"iteration":345,"passed_time":27.35898348,"remaining_time":51.71322,
{",
{"learn":[0.01304000838],"iteration":346,"passed_time":27.43560902,"remaining_time":51.6295,
{"l,
{"learn":[0.01300580982],"iteration":347,"passed_time":27.50054448,"remaining_time":51.524,
{"le,
{"learn":[0.01295459392],"iteration":348,"passed_time":27.58845599,"remaining_time":51.461,
{"le,
{"learn":[0.01291157716],"iteration":349,"passed_time":27.68275811,"remaining_time":51.41,
{"le,
{"learn":[0.01286855634],"iteration":350,"passed_time":27.75433643,"remaining_time":51.31,
{"lea,
{"learn":[0.01283037089],"iteration":351,"passed_time":27.82408429,"remaining_time":51.2,
{"lear,
{"learn":[0.01279124122],"iteration":352,"passed_time":27.89270122,"remaining_time":51.1,
{"lear,
{"learn":[0.0127603875],"iteration":353,"passed_time":27.94729319,"remaining_time":50.9,
{"lear,
{"learn":[0.0127315535],"iteration":354,"passed_time":28.01983841,"remaining_time":50.90,
{"lea,
{"learn":[0.01269031789],"iteration":355,"passed_time":28.08578102,"remaining_time":50.80,
{"lea,
{"learn":[0.01264869652],"iteration":356,"passed_time":28.16738675,"remaining_time":50.73,
{"lea,
{"learn":[0.0126118626],"iteration":357,"passed_time":28.24456009,"remaining_time":50.65,
{"lea,
{"learn":[0.01256398129],"iteration":358,"passed_time":28.31435579,"remaining_time":50.55,
{"lea,
{"learn":[0.01252299643],"iteration":359,"passed_time":28.40493669,"remaining_time":50.4,
{"lear,
{"learn":[0.01248943285],"iteration":360,"passed_time":28.48873577,"remaining_time":50.4,
{"lea,
{"learn":[0.01245685348],"iteration":361,"passed_time":28.60212066,"remaining_time":50.4,
{"lear,
{"learn":[0.01240685733],"iteration":362,"passed_time":28.66039745,"remaining_time":50.2,
{"lea,
{"learn":[0.01236248085],"iteration":363,"passed_time":28.72686851,"remaining_time":50.19,
{"lea,
{"learn":[0.01232739389],"iteration":364,"passed_time":28.79182462,"remaining_time":50.0,
{"lear,
{"learn":[0.01229983182],"iteration":365,"passed_time":28.88590591,"remaining_time":50.0,
{"lear,
{"learn":[0.01225483999],"iteration":366,"passed_time":28.95168278,"remaining_time":49.9,
{"lear,
{"learn":[0.01223078852],"iteration":367,"passed_time":29.03014852,"remaining_time":49.8,
{"lear,
{"learn":[0.01217246051],"iteration":368,"passed_time":29.11541675,"remaining_time":49.7,
{"lear,
{"learn":[0.01214712873],"iteration":369,"passed_time":29.20387622,"remaining_time":49.7,
{"lear,
{"learn":[0.01210108373],"iteration":370,"passed_time":29.29820721,"remaining_time":49,
{"learn",
{"learn":[0.01207055742],"iteration":371,"passed_time":29.36099779,"remaining_time":49,
{"learn",
{"learn":[0.01203739415],"iteration":372,"passed_time":29.4282257,"remaining_time":49.,
{"learn,
{"learn":[0.012004666],"iteration":373,"passed_time":29.50934248,"remaining_time":49.3,
{"lear,
{"learn":[0.01196393719],"iteration":374,"passed_time":29.5737864,"remaining_time":49.28,
{"lea,
{"learn":[0.01193587674],"iteration":375,"passed_time":29.63316495,"remaining_time":49.17,
{"lea,
{"learn":[0.01188473265],"iteration":376,"passed_time":29.73083777,"remaining_time":49.13,
{"lea,
{"learn":[0.0118437634],"iteration":377,"passed_time":29.81020631,"remaining_time":49.05,
{"lea,
{"learn":[0.01180751874],"iteration":378,"passed_time":29.88151352,"remaining_time":48.96,
{"lea,
{"learn":[0.01176912495],"iteration":379,"passed_time":29.96266399,"remaining_time":48.88,
{"learn":[0.01155864371],"iteration":380,"passed_time":30.49758917,"remaining_time":49.54857663},
{"learn":[0.01153897275],"iteration":381,"passed_time":30.59407636,"remaining_time":49.49512876},
{"learn":[0.01151575437],"iteration":382,"passed_time":30.67955132,"remaining_time":49.42371584},
{"learn":[0.01149144173],"iteration":383,"passed_time":30.76601702,"remaining_time":49.35381897},
{"learn":[0.01144989895],"iteration":384,"passed_time":30.85782763,"remaining_time":49.29237401},
{"learn":[0.01142115214],"iteration":385,"passed_time":30.92454414,"remaining_time":49.19085518},
{"learn":[0.0113971603],"iteration":386,"passed_time":30.99514537,"remaining_time":49.09566955},
{"learn":[0.01136473276],"iteration":387,"passed_time":31.0777891,"remaining_time":49.01960549},
{"learn":[0.01132009053],"iteration":388,"passed_time":31.15392529,"remaining_time":48.93328624},
{"learn":[0.01128566382],"iteration":389,"passed_time":31.20495526,"remaining_time":48.80775054},
{"learn":[0.0112695931],"iteration":390,"passed_time":31.28918893,"remaining_time":48.73431217},
{"learn":[0.01122853311],"iteration":391,"passed_time":31.36811258,"remaining_time":48.65258278},
{"learn":[0.01120292368],"iteration":392,"passed_time":31.43368927,"remaining_time":48.5502529},
{"learn":[0.01118340092],"iteration":393,"passed_time":31.51639783,"remaining_time":48.47445961},
{"learn":[0.0111523954],"iteration":394,"passed_time":31.59119722,"remaining_time":48.38651726},
{"learn":[0.01111057111],"iteration":395,"passed_time":31.66151047,"remaining_time":48.2917988},
{"learn":[0.01108329492],"iteration":396,"passed_time":31.72578919,"remaining_time":48.18803748},
{"learn":[0.01106286738],"iteration":397,"passed_time":31.81122647,"remaining_time":48.11647823},
{"learn":[0.01103141496],"iteration":398,"passed_time":31.89319006,"remaining_time":48.0396171},
{"learn":[0.01100099515],"iteration":399,"passed_time":31.98727957,"remaining_time":47.98091935},
{"learn":[0.01098236183],"iteration":400,"passed_time":32.0705885,"remaining_time":47.9,
{"lear,
{"learn":[0.01096177218],"iteration":401,"passed_time":32.14030767,"remaining_time":47.8,
{"lear,
{"learn":[0.0109346789],"iteration":402,"passed_time":32.21525376,"remaining_time":47.72,
{"lea,
{"learn":[0.01089481576],"iteration":403,"passed_time":32.28768134,"remaining_time":47.6,
{"lear,
{"learn":[0.01086277583],"iteration":404,"passed_time":32.36976528,"remaining_time":47.,
{"learn,
{"learn":[0.01084159977],"iteration":405,"passed_time":32.46119954,"remaining_time":47.,
{"lear,
{"learn":[0.01079263947],"iteration":406,"passed_time":32.53100719,"remaining_time":47.3,
{"lear,
{"learn":[0.01077258913],"iteration":407,"passed_time":32.62073252,"remaining_time":47.3,
{"lear,
{"learn":[0.0107498172],"iteration":408,"passed_time":32.71057396,"remaining_time":47.26,
{"lea,
{"learn":[0.01073024181],"iteration":409,"passed_time":32.78276073,"remaining_time":47.17,
{"lea,
{"learn":[0.01070700251],"iteration":410,"passed_time":32.85773903,"remaining_time":47.08,
{"lea,
{"learn":[0.01068905082],"iteration":411,"passed_time":32.93861514,"remaining_time":47.0,
{"lear,
{"learn":[0.01066447866],"iteration":412,"passed_time":33.02498771,"remaining_time":46.,
{"learn,
{"learn":[0.0106362327],"iteration":413,"passed_time":33.09841948,"remaining_time":46,
{"learn",
{"learn":[0.01060113909],"iteration":414,"passed_time":33.1714325,"remaining_time":,
{"learn":[,
{"learn":[0.01058091244],"iteration":415,"passed_time":33.23922475,"remaining_time",
{"learn":[0,
{"learn":[0.0105484288],"iteration":416,"passed_time":33.31074131,"remaining_tim,
{"learn":[0.0,
{"learn":[0.01052037534],"iteration":417,"passed_time":33.41171035,"remaining_ti,
{"learn":[0.01,
{"learn":[0.01049430071],"iteration":418,"passed_time":33.49831359,"remaining_ti,
{"learn":[0.01,
{"learn":[0.01045651098],"iteration":419,"passed_time":33.57671945,"remaining_t,
{"learn":[0.010,
{"learn":[0.0104316887],"iteration":420,"passed_time":33.65459002,"remaining_time":46.28505373},
{"learn":[0.01040671212],"iteration":421,"passed_time":33.73748503,"remaining_time":46.20916196},
{"learn":[0.01037494966],"iteration":422,"passed_time":33.81038341,"remaining_time":46.11960102},
{"learn":[0.01035262393],"iteration":423,"passed_time":33.87540027,"remaining_time":46.01941169},
{"learn":[0.01033325736],"iteration":424,"passed_time":33.9484202,"remaining_time":45.93021556},
{"learn":[0.01030551357],"iteration":425,"passed_time":34.01234867,"remaining_time":45.82884539},
{"learn":[0.01027642521],"iteration":426,"passed_time":34.08692651,"remaining_time":45.7419412},
{"learn":[0.01026385601],"iteration":427,"passed_time":34.16684132,"remaining_time":45.66222719},
{"learn":[0.01023616816],"iteration":428,"passed_time":34.26287542,"remaining_time":45.60396705},
{"learn":[0.01022208632],"iteration":429,"passed_time":34.34792827,"remaining_time":45.53097469},
{"learn":[0.01019429046],"iteration":430,"passed_time":34.44955613,"remaining_time":45.47980844},
{"learn":[0.0101507515],"iteration":431,"passed_time":34.52328242,"remaining_time":45.39172319},
{"learn":[0.01011820415],"iteration":432,"passed_time":34.59546245,"remaining_time":45.30167946},
{"learn":[0.01009728959],"iteration":433,"passed_time":34.67047891,"remaining_time":45.2154172},
{"learn":[0.01007758242],"iteration":434,"passed_time":34.74335657,"remaining_time",
{"learn":[0,
{"learn":[0.01005902311],"iteration":435,"passed_time":34.82228366,"remaining_time",
{"learn":[0,
{"learn":[0.01002474916],"iteration":436,"passed_time":34.89317391,"remaining_time",
{"learn":[0,
{"learn":[0.009996617981],"iteration":437,"passed_time":35.00783879,"remaining_time,
{"learn":[0.,
{"learn":[0.009978783917],"iteration":438,"passed_time":35.06092488,"remaining_tim,
{"learn":[0.0,
{"learn":[0.009963740055],"iteration":439,"passed_time":35.13720674,"remaining_t,
{"learn":[0.01,
{"learn":[0.009936017747],"iteration":440,"passed_time":35.19929079,"remaining_t,
{"learn":[0.010,
{"learn":[0.009903937192],"iteration":441,"passed_time":35.26058758,"remaining_,
{"learn":[0.0103,
{"learn":[0.009883725243],"iteration":442,"passed_time":35.32555475,"remainin,
{"learn":[0.010305,
{"learn":[0.00986651071],"iteration":443,"passed_time":35.39242784,"remain,
{"learn":[0.01028694,
{"learn":[0.009834625985],"iteration":444,"passed_time":35.45736376,"rema,
{"learn":[0.0102493048,
{"learn":[0.009798944809],"iteration":445,"passed_time":35.558072,"rema,
{"learn":[0.01023144917],"iteration":446,"passed_time":35.1111073,"remaining_time":43.43723118},
{"learn":[0.01020032759],
{"learn":[0.009744621874],"iteration":447,"passed_time":35.73369935,"r,
{"learn":[0.01017713444],,
{"learn":[0.009727148362],"iteration":448,"passed_time":35.80795796,",
{"learn":[0.01013686702],,
{"learn":[0.009706260434],"iteration":449,"passed_time":35.89337648,,
{"learn":[0.01010956585],"i,
{"learn":[0.009676199108],"iteration":450,"passed_time":35.9708578,
{"learn":[0.0100924795],"iter,
{"learn":[0.009661254589],"iteration":451,"passed_time":36.06073,
{"learn":[0.010077213],"iterati,
{"learn":[0.009645724083],"iteration":452,"passed_time":36.14,
{"learn":[0.01004831742],"iterati,
{"learn":[0.009624039185],"iteration":453,"passed_time":36.22,
{"learn":[0.01002772878],"iteratio,
{"learn":[0.009601585985],"iteration":454,"passed_time":36.,
{"learn":[0.009998229854],"iteration,
{"learn":[0.009569879911],"iteration":455,"passed_time":36,
{"learn":[0.009973328446],"iteration",
{"learn":[0.00954032932],"iteration":456,"passed_time":36.,
{"learn":[0.009954527184],"iteration,
{"learn":[0.009523592609],"iteration":457,"passed_time":36.,
{"learn":[0.009933887797],"iteratio,
{"learn":[0.009506365528],"iteration":458,"passed_time":36.6,
{"learn":[0.00990487574],"iteration,
{"learn":[0.00949110699],"iteration":459,"passed_time":36.,
{"learn":[0.0098858284],"iteration":,
{"learn":[0.009471960637],"iteration":460,"passed_time":3,
{"learn":[0.009865785655],"iteration":,
{"learn":[0.009439427289],"iteration":461,"passed_time":3,
{"learn":[0.009834563868],"iteration":462,"passed_time":36.32789766,"remaining_time":42.13408433},
{"learn":[0.009802485792],"iteration":,
{"learn":[0.009397945096],"iteration":463,"passed_time":3,
{"learn":[0.009776071985],"iteration":,
{"learn":[0.009383869217],"iteration":464,"passed_time":3,
{"learn":[0.009756802312],"iteration":,
{"learn":[0.009359296972],"iteration":465,"passed_time":3,
{"learn":[0.009740769088],"iteration":,
{"learn":[0.009339499513],"iteration":466,"passed_time":3,
{"learn":[0.009717330123],"iteration":,
{"learn":[0.009320178866],"iteration":467,"passed_time":3,
{"learn":[0.009698257158],"iteration":,
{"learn":[0.009295579728],"iteration":468,"passed_time":,
{"learn":[0.009684605656],"iteration":4,
{"learn":[0.009275438565],"iteration":469,"passed_time,
{"learn":[0.009671053328],"iteration":470,
{"learn":[0.009245069005],"iteration":470,"passed_time,
{"learn":[0.009652120264],"iteration":471,
{"learn":[0.009224109068],"iteration":471,"passed_time,
{"learn":[0.009632758207],"iteration":472,
{"learn":[0.009195065801],"iteration":472,"passed_time,
{"learn":[0.009610688778],"iteration":473,
{"learn":[0.009171208485],"iteration":473,"passed_tim,
{"learn":[0.0095836997],"iteration":474,"p,
{"learn":[0.009139548086],"iteration":474,"passed_t,
{"learn":[0.009559892109],"iteration":475,"p,
{"learn":[0.009117363778],"iteration":475,"passed_,
{"learn":[0.009524222656],"iteration":476,"pa,
{"learn":[0.009101488837],"iteration":476,"passed_,
{"learn":[0.009496787419],"iteration":477,"pa,
{"learn":[0.009069079293],"iteration":477,"passed_,
{"learn":[0.009468942111],"iteration":478,"pa,
{"learn":[0.009031504487],"iteration":478,"passed_,
{"learn":[0.00944598258],"iteration":479,"pas,
{"learn":[0.009016780928],"iteration":479,"passed,
{"learn":[0.009428642337],"iteration":480,"pa,
{"learn":[0.00900163258],"iteration":480,"passed_t,
{"learn":[0.009401849867],"iteration":481,"p,
{"learn":[0.008982077157],"iteration":481,"passed_time":38.39642861,"remaining_time":41.26421166},
{"learn":[0.008957700752],"iteration":482,"passed_time":38.45251263,"remaining_time":41.15931476},
{"learn":[0.008936123172],"iteration":483,"passed_,
{"learn":[0.009336614563],"iteration":484,"pa,
{"learn":[0.008915224917],"iteration":484,"passed_,
{"learn":[0.009321478969],"iteration":485,"p,
{"learn":[0.008896582529],"iteration":485,"passed_t,
{"learn":[0.009295654691],"iteration":486,,
{"learn":[0.008876448972],"iteration":486,"passed_tim,
{"learn":[0.009265251202],"iteration":487,,
{"learn":[0.008841982716],"iteration":487,"passed_tim,
{"learn":[0.009252080762],"iteration":488,,
{"learn":[0.008821297614],"iteration":488,"passed_tim,
{"learn":[0.009235174765],"iteration":489,,
{"learn":[0.008798801457],"iteration":489,"passed_tim,
{"learn":[0.009196602277],"iteration":490,,
{"learn":[0.00877703068],"iteration":490,"passed_tim,
{"learn":[0.009182716596],"iteration":491,,
{"learn":[0.008755626884],"iteration":491,"passed_time":39.13706251,"remaining_time":40.40981251},
{"learn":[0.008733375501],"iteration":492,"passed_time":39.21204205,"remaining_time":40.3255686},
{"learn":[0.008714678253],"iteration":493,"passed_time":39.27646958,"remaining_time":40.23055386},
{"learn":[0.008698415763],"iteration":494,"passed_time":39.36478162,"remaining_time":40.16002974},
{"learn":[0.00867223354],"iteration":495,"passed_time":39.42227548,"remaining_time":40.05811863},
{"learn":[0.008662088077],"iteration":496,"passed_time":39.51862495,"remaining_time":39.99571097},
{"learn":[0.008643402682],"iteration":497,"passed_time":39.58794268,"remaining_time":39.90591813},
{"learn":[0.008628350955],"iteration":498,"passed_time":39.66936366,"remaining_time":39.8283591},
{"learn":[0.008605243023],"iteration":499,"passed_time":39.72342374,"remaining_time":39.72342374},
{"learn":[0.008576100662],"iteration":500,"passed_time":39.81186197,"remaining_time":39.65293238},
{"learn":[0.008557746795],"iteration":501,"passed_time":39.87205583,"remaining_time":39.5543502},
{"learn":[0.008538165981],"iteration":502,"passed_time":39.94743449,"remaining_time":39.47092434},
{"learn":[0.008525053912],"iteration":503,"passed_time":40.01577952,"remaining_time":39.38060841},
{"learn":[0.008505215384],"iteration":504,"passed_time":40.11715794,"remaining_time":39.32275878},
{"learn":[0.008477260089],"iteration":505,"passed_time":40.18144676,"remaining_time":39.22852707},
{"learn":[0.008452636974],"iteration":506,"passed_time":40.24672081,"remaining_time":39.13537151},
{"learn":[0.008437919518],"iteration":507,"passed_time":40.31549664,"remaining_time":39.04571722},
{"learn":[0.008412318365],"iteration":508,"passed_time":40.38784641,"remaining_time":38.95959251},
{"learn":[0.00838242068],"iteration":509,"passed_time":40.45908199,"remaining_time":38.87245132},
{"learn":[0.008361954515],"iteration":510,"passed_time":40.53785096,"remaining_time":38.79258145},
{"learn":[0.008339979948],"iteration":511,"passed_time":40.62296652,"remaining_time":38.71876497},
{"learn":[0.008323980314],"iteration":512,"passed_time":40.69420255,"remaining_time":38.63172834},
{"learn":[0.008300735226],"iteration":513,"passed_time":40.76783728,"remaining_time":38.54702124},
{"learn":[0.008277026143],"iteration":514,"passed_time":40.84647091,"remaining_time":38.46706484},
{"learn":[0.00824910564],"iteration":515,"passed_time":40.90659898,"remaining_time":38.36975563},
{"learn":[0.008237025812],"iteration":516,"passed_time":40.98148748,"remaining_time":38.28637999},
{"learn":[0.00822110175],"iteration":517,"passed_time":41.03889863,"remaining_time":38.1867744},
{"learn":[0.008201408592],"iteration":518,"passed_time":41.12454135,"remaining_time":38.11349593},
{"learn":[0.008178909694],"iteration":519,"passed_time":41.19216213,"remaining_time":38.02353428},
{"learn":[0.008166883477],"iteration":520,"passed_time":41.28009906,"remaining_time":37.95233675},
{"learn":[0.00815668359],"iteration":521,"passed_time":41.36760125,"remaining_time":37.880677},
{"learn":[0.008132911884],"iteration":522,"passed_time":41.44518672,"remaining_time":37.79991218},
{"learn":[0.008108855335],"iteration":523,"passed_time":41.53337661,"remaining_time":37.72879249},
{"learn":[0.008091975457],"iteration":524,"passed_time":41.61842897,"remaining_time":37.65476906},
{"learn":[0.00808253846],"iteration":525,"passed_time":41.70952006,"remaining_time":37.58614546},
{"learn":[0.008073365133],"iteration":526,"passed_time":41.78676737,"remaining_time":37.50501132},
{"learn":[0.008055824805],"iteration":527,"passed_time":41.84603358,"remaining_time":37.40781789},
{"learn":[0.008036222746],"iteration":528,"passed_time":41.95020562,"remaining_time":37.35075018},
{"learn":[0.008022957896],"iteration":529,"passed_time":42.04009145,"remaining_time":37.28083581},
{"learn":[0.00800621287],"iteration":530,"passed_time":42.11012105,"remaining_time":37.19330842},
{"learn":[0.00798831481],"iteration":531,"passed_time":42.20124375,"remaining_time":37.1244024},
{"learn":[0.00797322075],"iteration":532,"passed_time":42.27951915,"remaining_time":37.04415655},
{"learn":[0.007952721367],"iteration":533,"passed_time":42.37524448,"remaining_time":36.97914593},
{"learn":[0.007943871217],"iteration":534,"passed_time":42.44301518,"remaining_time":36.88972347},
{"learn":[0.007928589226],"iteration":535,"passed_time":42.4976163,"remaining_time":36.78898127},
{"learn":[0.007905734419],"iteration":536,"passed_time":42.58229429,"remaining_time":36.71434312},
{"learn":[0.007885666038],"iteration":537,"passed_time":42.65432168,"remaining_time":36.62880412},
{"learn":[0.007871845061],"iteration":538,"passed_time":42.7306696,"remaining_time":36.54701055},
{"learn":[0.007858696335],"iteration":539,"passed_time":42.81659844,"remaining_time":36.47339867},
{"learn":[0.007838112622],"iteration":540,"passed_time":42.89345704,"remaining_time":36.3920458},
{"learn":[0.007819514596],"iteration":541,"passed_time":42.9673982,"remaining_time":36.30824424},
{"learn":[0.00780456579],"iteration":542,"passed_time":43.04539113,"remaining_time":36.22788903},
{"learn":[0.007793837151],"iteration":543,"passed_time":43.11409236,"remaining_time":36.13975389},
{"learn":[0.00778270534],"iteration":544,"passed_time":43.18606902,"remaining_time":36.0544246},
{"learn":[0.007763825097],"iteration":545,"passed_time":43.24,
{"learn":[0.008201103582],"iterati,
{"learn":[0.007746419074],"iteration":546,"passed_time":43.32,
{"learn":[0.00818678091],"iteratio,
{"learn":[0.007737369385],"iteration":547,"passed_time":43.4,
{"learn":[0.008167889333],"iteratio,
{"learn":[0.007721555955],"iteration":548,"passed_time":43.4,
{"learn":[0.008151347674],"iteratio,
{"learn":[0.007702098855],"iteration":549,"passed_time":43.,
{"learn":[0.008134256995],"iteration,
{"learn":[0.00768745694],"iteration":550,"passed_time":43.64830486,"remaining_time":35.56821939},
{"learn":[0.007680377681],"iteration":551,"passed_time":43.7,
{"learn":[0.008097746031],"iterati,
{"learn":[0.007664039583],"iteration":552,"passed_time":43.8,
{"learn":[0.008078097816],"iteratio,
{"learn":[0.007651546758],"iteration":553,"passed_time":43.8,
{"learn":[0.008065549451],"iteratio,
{"learn":[0.007637536099],"iteration":554,"passed_time":43.9,
{"learn":[0.008054524347],"iteratio,
{"learn":[0.007627472626],"iteration":555,"passed_time":44.0,
{"learn":[0.00803471722],"iteratio,
{"learn":[0.00761564051],"iteration":556,"passed_time":44.15,
{"learn":[0.008014360419],"iterati,
{"learn":[0.007603072166],"iteration":557,"passed_time":44.23,
{"learn":[0.007991529091],"iterati,
{"learn":[0.007591882768],"iteration":558,"passed_time":44.29,
{"learn":[0.0079696947],"iteration,
{"learn":[0.007577329715],"iteration":559,"passed_time":44.,
{"learn":[0.007960063498],"iteration,
{"learn":[0.00756458893],"iteration":560,"passed_time":44.4,
{"learn":[0.00794822163],"iteratio,
{"learn":[0.007556553692],"iteration":561,"passed_time":44.5,
{"learn":[0.007926550726],"iteratio,
{"learn":[0.007534444671],"iteration":562,"passed_time":44.,
{"learn":[0.007910511279],"iteratio,
{"learn":[0.007513108525],"iteration":563,"passed_time":44.,
{"learn":[0.007901865949],"iteration,
{"learn":[0.007495427966],"iteration":564,"passed_time":44.,
{"learn":[0.007891158196],"iteration,
{"learn":[0.007481443967],"iteration":565,"passed_time":44.85948279,"remaining_time":34.39755394},
{"learn":[0.007470174795],"iteration":566,"passed_time":44.92383508,"remaining_time":34.30691462},
{"learn":[0.007454834329],"iteration":567,"passed_time":44.98351605,"remaining_time":34.21281502},
{"learn":[0.007431915869],"iteration":568,"passed_time":45.06092797,"remaining_time":34.13226706},
{"learn":[0.007420123563],"iteration":569,"passed_time":45.12026145,"remaining_time":34.03809197},
{"learn":[0.007407615854],"iteration":570,"passed_time":45.20192677,"remaining_time":33.96081713},
{"learn":[0.007400068685],"iteration":571,"passed_time":45.28845648,"remaining_time":33.88716674},
{"learn":[0.007385834042],"iteration":572,"passed_time":45.3743621,"remaining_time":33.81300631},
{"learn":[0.007374141671],"iteration":573,"passed_time":45.4510906,"remaining_time":33.73199407},
{"learn":[0.007367572597],"iteration":574,"passed_time":4,
{"learn":[0.007731152228],"iteration":,
{"learn":[0.007352891117],"iteration":575,"passed_time":4,
{"learn":[0.007721643798],"iteration":,
{"learn":[0.007340927889],"iteration":576,"passed_time":,
{"learn":[0.007707468158],"iteration":5,
{"learn":[0.007329909994],"iteration":577,"passed_time":,
{"learn":[0.007693560154],"iteration":5,
{"learn":[0.007318532855],"iteration":578,"passed_time":,
{"learn":[0.007682859824],"iteration":5,
{"learn":[0.007303488595],"iteration":579,"passed_time":45.88703103,"remaining_time":33.22853971},
{"learn":[0.007280971717],"iteration":580,"passed_time":45.98964796,"remaining_time":33.16637263},
{"learn":[0.007263657777],"iteration":581,"passed_time":46.06129652,"remaining_time":33.08182465},
{"learn":[0.007257034316],"iteration":582,"passed_time":46.13070365,"remaining_time":32.9957177},
{"learn":[0.007244157415],"iteration":583,"passed_time":46.20511392,"remaining_time":32.91323183},
{"learn":[0.007229886135],"iteration":584,"passed_time":46.29754755,"remaining_time":32.84355937},
{"learn":[0.007209567318],"iteration":585,"passed_time":46.38487738,"remaining_time":32.77020348},
{"learn":[0.00719053598],"iteration":586,"passed_time":46.45461637,"remaining_time":32.68442345},
{"learn":[0.007181276897],"iteration":587,"passed_time":46.52188529,"remaining_time":32.59696724},
{"learn":[0.007162262459],"iteration":588,"passed_time":46.59194643,"remaining_time":32.51152799},
{"learn":[0.007147145512],"iteration":589,"passed_time":46.66100254,"remaining_time":32.42544244},
{"learn":[0.007134833179],"iteration":590,"passed_time":46.72476093,"remaining_time":32.33574826},
{"learn":[0.00712126485],"iteration":591,"passed_time":46.80351142,"remaining_time":32.25647409},
{"learn":[0.007110575446],"iteration":592,"passed_time":46.88624997,"remaining_time":32.17993885},
{"learn":[0.007097436829],"iteration":593,"passed_time":46.97141401,"remaining_time":32.10504055},
{"learn":[0.007081473363],"iteration":594,"passed_time":47.04711734,"remaining_time":32.02366811},
{"learn":[0.007067166784],"iteration":595,"passed_time":47.1492345,"remaining_time":31.96021936},
{"learn":[0.007057334577],"iteration":596,"passed_time":47.24598136,"remaining_time":31.89301589},
{"learn":[0.007046543377],"iteration":597,"passed_time":47.33319619,"remaining_time":31.8193058},
{"learn":[0.007037898541],"iteration":598,"passed_time":47.41956549,"remaining_time":31.74498458},
{"learn":[0.007026228877],"iteration":599,"passed_time":47.50436289,"remaining_time":31.66957526},
{"learn":[0.00700453275],"iteration":600,"passed_time":47.5728372,"remaining_time":31.58329791},
{"learn":[0.00699222544],"iteration":601,"passed_time":47.66030287,"remaining_time":31.50963546},
{"learn":[0.006984013419],"iteration":602,"passed_time":47.73425341,"remaining_time":31.42702919},
{"learn":[0.006961717135],"iteration":603,"passed_time":47.81651885,"remaining_time":31.34990308},
{"learn":[0.006955020334],"iteration":604,"passed_time":47.89700303,"remaining_time":31.27159702},
{"learn":[0.006939439008],"iteration":605,"passed_time":47.95794037,"remaining_time":31.18057509},
{"learn":[0.006924912434],"iteration":606,"passed_time":48.05244294,"remaining_time":31.11138398},
{"learn":[0.006913093994],"iteration":607,"passed_time":48.12669306,"remaining_time":31.0290521},
{"learn":[0.006900851119],"iteration":608,"passed_time":48.20165617,"remaining_time":30.94720454},
{"learn":[0.006889044578],"iteration":609,"passed_time":48.29186452,"remaining_time":30.87512649},
{"learn":[0.006874630643],"iteration":610,"passed_time":48.35143051,"remaining_time":30.78348031},
{"learn":[0.006854513787],"iteration":611,"passed_time":48.41820603,"remaining_time":30.69650971},
{"learn":[0.006845736496],"iteration":612,"passed_time":48.48621669,"remaining_time":30.61038476},
{"learn":[0.00683074427],"iteration":613,"passed_time":48.56122963,"remaining_time":30.52872091},
{"learn":[0.006817374509],"iteration":614,"passed_time":48.64355215,"remaining_time":30.4516546},
{"learn":[0.006808444818],"iteration":615,"passed_time":48.71008074,"remaining_time":30.36472565},
{"learn":[0.006802157753],"iteration":616,"passed_time":48.79707996,"remaining_time":30.2905699},
{"learn":[0.006782583244],"iteration":617,"passed_time":48.86307582,"remaining_time":30.20338991},
{"learn":[0.006765154925],"iteration":618,"passed_time":48.94085012,"remaining_time":30.12352811},
{"learn":[0.006759394499],"iteration":619,"passed_time":49.03199239,"remaining_time":30.05186631},
{"learn":[0.006749121694],"iteration":620,"passed_time":49.1166625,"remaining_time":29.97619177},
{"learn":[0.006742656025],"iteration":621,"passed_time":49.18395333,"remaining_time":29.88992662},
{"learn":[0.006734876284],"iteration":622,"passed_time":49.26377612,"remaining_time":29.81130593},
{"learn":[0.006722564696],"iteration":623,"passed_time":49.35517216,"remaining_time":29.73965502},
{"learn":[0.006707441749],"iteration":624,"passed_time":49.4364525,"remaining_time":29.6618715},
{"learn":[0.0066920809],"iteration":625,"passed_time":49.54180916,"remaining_time":29.59846106},
{"learn":[0.006684816495],"iteration":626,"passed_time":49.62179883,"remaining_time":29.5198261},
{"learn":[0.00667336911],"iteration":627,"passed_time":49.70686127,"remaining_time":29.44419171},
{"learn":[0.006660892766],"iteration":628,"passed_time":49.77385252,"remaining_time":29.3578685},
{"learn":[0.006648432802],"iteration":629,"passed_time":49.87937784,"remaining_time":29.29423778},
{"learn":[0.006639386669],"iteration":630,"passed_time":49.95290921,"remaining_time":29.21176466},
{"learn":[0.006624968158],"iteration":631,"passed_time":50.01376456,"remaining_time":29.12193886},
{"learn":[0.006611658617],"iteration":632,"passed_time":50.07794482,"remaining_time":29.03413231},
{"learn":[0.006600268178],"iteration":633,"passed_time":50.14688716,"remaining_time":28.94914937},
{"learn":[0.006589974409],"iteration":634,"passed_time":50.22578264,"remaining_time":28.86993806},
{"learn":[0.006573884139],"iteration":635,"passed_time":50.29600554,"remaining_time":28.78576418},
{"learn":[0.006563348374],"iteration":636,"passed_time":50.37871461,"remaining_time":28.70874946},
{"learn":[0.006555048972],"iteration":637,"passed_time":50.44989178,"remaining_time":28.6251737},
{"learn":[0.006544267049],"iteration":638,"passed_time":50.53013171,"remaining_time":28.54675672},
{"learn":[0.006526260486],"iteration":639,"passed_time":50.61425717,"remaining_time":28.47051966},
{"learn":[0.006514555726],"iteration":640,"passed_time":50.69249607,"remaining_time":28.39096114},
{"learn":[0.006496202146],"iteration":641,"passed_time":50.75981184,"remaining_time":28.30531564},
{"learn":[0.00648077726],"iteration":642,"passed_time":50.8495289,"remaining_time":28.23216457},
{"learn":[0.00647032445],"iteration":643,"passed_time":50.91722208,"remaining_time":28.14678736},
{"learn":[0.006453802226],"iteration":644,"passed_time":50.98812192,"remaining_time":28.06322989},
{"learn":[0.00644344177],"iteration":645,"passed_time":51.06108284,"remaining_time":27.98084106},
{"learn":[0.006432186833],"iteration":646,"passed_time":51.14367929,"remaining_time":27.90373847},
{"learn":[0.006418849063],"iteration":647,"passed_time":51.22981154,"remaining_time":27.8285396},
{"learn":[0.006402016458],"iteration":648,"passed_time":51.30780447,"remaining_time":27.74890504},
{"learn":[0.006390600203],"iteration":649,"passed_time":51.39571917,"remaining_time":27.67461802},
{"learn":[0.006381300886],"iteration":650,"passed_time":51.47824668,"remaining_time":27.59740106},
{"learn":[0.006369407002],"iteration":651,"passed_time":51.54466668,"remaining_time":27.51157056},
{"learn":[0.006358876155],"iteration":652,"passed_time":51.61002931,"remaining_time":27.42523763},
{"learn":[0.006347696194],"iteration":653,"passed_time":51.68139393,"remaining_time":27.34214419},
{"learn":[0.006335836594],"iteration":654,"passed_time":51.75486266,"remaining_time":27.26019483},
{"learn":[0.006326532707],"iteration":655,"passed_time":51.81865018,"remaining_time":27.17319461},
{"learn":[0.006317667471],"iteration":656,"passed_time":51.89316128,"remaining_time":27.0918635},
{"learn":[0.006306684815],"iteration":657,"passed_time":51.99023149,"remaining_time":27.02227837},
{"learn":[0.006292301399],"iteration":658,"passed_time":52.06698327,"remaining_time":26.94209605},
{"learn":[0.006280153],"iteration":659,"passed_time":52.13829502,"remaining_time":26.85912168},
{"learn":[0.006269375325],"iteration":660,"passed_time":52.21797171,"remaining_time":26.78047263},
{"learn":[0.006259606241],"iteration":661,"passed_time":52.29760761,"remaining_time":26.70179966},
{"learn":[0.006251610955],"iteration":662,"passed_time":52.39208612,"remaining_time":26.63066821},
{"learn":[0.006243033062],"iteration":663,"passed_time":52.48543773,"remaining_time":26.5588962},
{"learn":[0.006235830839],"iteration":664,"passed_time":52.57650242,"remaining_time":26.48590724},
{"learn":[0.00622456015],"iteration":665,"passed_time":52.66201418,"remaining_time":26.41007918},
{"learn":[0.006214651253],"iteration":666,"passed_time":52.74619378,"remaining_time":26.33355701},
{"learn":[0.006206635637],"iteration":667,"passed_time":52.81163506,"remaining_time":26.24769886},
{"learn":[0.006193984446],"iteration":668,"passed_time":52.89686496,"remaining_time":26.17169253},
{"learn":[0.006180337223],"iteration":669,"passed_time":52.98217627,"remaining_time":26.09569876},
{"learn":[0.00616780627],"iteration":670,"passed_time":53.06847863,"remaining_time":26.02016314},
{"learn":[0.006157856765],"iteration":671,"passed_time":53.15354487,"remaining_time":25.94399214},
{"learn":[0.006149458574],"iteration":672,"passed_time":53.23086501,"remaining_time":25.86403099},
{"learn":[0.006137431127],"iteration":673,"passed_time":53.32370042,"remaining_time":25.7915821},
{"learn":[0.006127170725],"iteration":674,"passed_time":53.40768774,"remaining_time":25.71481261},
{"learn":[0.006122351971],"iteration":675,"passed_time":53.48629865,"remaining_time":25.63544491},
{"learn":[0.006114594028],"iteration":676,"passed_time":53.56807803,"remaining_time":25.55759114},
{"learn":[0.006101106576],"iteration":677,"passed_time":53.65158543,"remaining_time":25.48054647},
{"learn":[0.006091321426],"iteration":678,"passed_time":53.72892872,"remaining_time":25.40056866},
{"learn":[0.006085890443],"iteration":679,"passed_time":53.82320876,"remaining_time":25.32856883},
{"learn":[0.006078967849],"iteration":680,"passed_time":53.93666242,"remaining_time":25.26548504},
{"learn":[0.006068476002],"iteration":681,"passed_time":53.99895277,"remaining_time":25.17839733},
{"learn":[0.006056095229],"iteration":682,"passed_time":54.07030084,"remaining_time":25.09558619},
{"learn":[0.00604616675],"iteration":683,"passed_time":54.1491624,"remaining_time":25.01627971},
{"learn":[0.006039215065],"iteration":684,"passed_time":54.21579707,"remaining_time":24.93135194},
{"learn":[0.006030835725],"iteration":685,"passed_time":54.309278,"remaining_time":24.85876573},
{"learn":[0.006013567773],"iteration":686,"passed_time":54.38215225,"remaining_time":24.77673021},
{"learn":[0.006008784485],"iteration":687,"passed_time":54.46212012,"remaining_time":24.69793819},
{"learn":[0.006000072015],"iteration":688,"passed_time":54.53130577,"remaining_time":24.6142759},
{"learn":[0.005994187763],"iteration":689,"passed_time":54.59492911,"remaining_time":24.52815656},
{"learn":[0.005983202281],"iteration":690,"passed_time":54.69525468,"remaining_time":24.45851476},
{"learn":[0.005972963446],"iteration":691,"passed_time":54.79030034,"remaining_time":24.38643426},
{"learn":[0.005967663386],"iteration":692,"passed_time":54.88226746,"remaining_time":24.31292368},
{"learn":[0.005957663026],"iteration":693,"passed_time":54.95587497,"remaining_time":24.23126475},
{"learn":[0.005949523632],"iteration":694,"passed_time":55.01761717,"remaining_time":24.14442192},
{"learn":[0.005945082942],"iteration":695,"passed_time":55.09522324,"remaining_time":24.06458027},
{"learn":[0.005941611682],"iteration":696,"passed_time":55.16531222,"remaining_time":23.98147719},
{"learn":[0.005931605731],"iteration":697,"passed_time":55.26015623,"remaining_time":23.90912204},
{"learn":[0.005920191338],"iteration":698,"passed_time":55.35110827,"remaining_time":23.83502659},
{"learn":[0.005908802392],"iteration":699,"passed_time":55.41245363,"remaining_time":23.74819441},
{"learn":[0.005897220373],"iteration":700,"passed_time":55.48877609,"remaining_time":23.66782318},
{"learn":[0.005882183671],"iteration":701,"passed_time":55.56718151,"remaining_time":23.58834771},
{"learn":[0.005873287995],"iteration":702,"passed_time":55.67802485,"remaining_time":23.52257949},
{"learn":[0.005864892116],"iteration":703,"passed_time":55.73855491,"remaining_time":23.43552877},
{"learn":[0.005857270431],"iteration":704,"passed_time":55.82765493,"remaining_time":23.36050809},
{"learn":[0.005851265271],"iteration":705,"passed_time":55.90701869,"remaining_time":23.28139305},
{"learn":[0.005839956341],"iteration":706,"passed_time":55.99724821,"remaining_time":23.20678037},
{"learn":[0.005832200375],"iteration":707,"passed_time":56.06155042,"remaining_time":23.1214304},
{"learn":[0.005826816395],"iteration":708,"passed_time":56.15012958,"remaining_time":23.04610396},
{"learn":[0.005822417507],"iteration":709,"passed_time":56.22865668,"remaining_time":22.96663442},
{"learn":[0.005815356282],"iteration":710,"passed_time":56.32806129,"remaining_time":22.89565361},
{"learn":[0.005798184774],"iteration":711,"passed_time":56.39777513,"remaining_time":22.8125832},
{"learn":[0.005789320458],"iteration":712,"passed_time":56.47902592,"remaining_time":22.73419416},
{"learn":[0.005778912997],"iteration":713,"passed_time":56.5498665,"remaining_time":22.6516272},
{"learn":[0.005774725267],"iteration":714,"passed_time":56.63814355,"remaining_time":22.57604323},
{"learn":[0.00576567646],"iteration":715,"passed_time":56.70531805,"remaining_time":22.49205353},
{"learn":[0.005754509032],"iteration":716,"passed_time":56.78801814,"remaining_time":22.41423868},
{"learn":[0.005748559809],"iteration":717,"passed_time":56.87778165,"remaining_time":22.33918444},
{"learn":[0.005741500838],"iteration":718,"passed_time":56.96591093,"remaining_time":22.26345059},
{"learn":[0.005732764783],"iteration":719,"passed_time":57.06360858,"remaining_time":22.19140334},
{"learn":[0.0057270369],"iteration":720,"passed_time":57.13976527,"remaining_time":22.11094939},
{"learn":[0.005722315828],"iteration":721,"passed_time":57.22595408,"remaining_time":22.03437013},
{"learn":[0.005716750157],"iteration":722,"passed_time":57.29971554,"remaining_time":21.95300305},
{"learn":[0.005706803438],"iteration":723,"passed_time":57.36703636,"remaining_time":21.86920171},
{"learn":[0.005699739948],"iteration":724,"passed_time":57.43696054,"remaining_time":21.78643331},
{"learn":[0.005692633427],"iteration":725,"passed_time":57.53416621,"remaining_time":21.71399661},
{"learn":[0.005683195298],"iteration":726,"passed_time":57.59641637,"remaining_time":21.62836543},
{"learn":[0.005676210031],"iteration":727,"passed_time":57.68282885,"remaining_time":21.55182616},
{"learn":[0.005669050784],"iteration":728,"passed_time":57.75989672,"remaining_time":21.47178602},
{"learn":[0.005662644884],"iteration":729,"passed_time":57.83665842,"remaining_time":21.39164079},
{"learn":[0.005656689188],"iteration":730,"passed_time":57.91678565,"remaining_time":21.31274328},
{"learn":[0.005642650792],"iteration":731,"passed_time":57.99435034,"remaining_time":21.23290422},
{"learn":[0.005635209523],"iteration":732,"passed_time":58.07306537,"remaining_time":21.15349039},
{"learn":[0.00562630152],"iteration":733,"passed_time":58.13974355,"remaining_time":21.06971633},
{"learn":[0.005616194429],"iteration":734,"passed_time":58.20772379,"remaining_time":20.98645824},
{"learn":[0.005609314572],"iteration":735,"passed_time":58.27352148,"remaining_time":20.90245879},
{"learn":[0.005603623007],"iteration":736,"passed_time":58.34482454,"remaining_time":20.82047334},
{"learn":[0.005592715959],"iteration":737,"passed_time":58.43494945,"remaining_time":20.74519886},
{"learn":[0.005587041481],"iteration":738,"passed_time":58.51544881,"remaining_time":20.66648463},
{"learn":[0.005576181168],"iteration":739,"passed_time":58.57332995,"remaining_time":20.57981863},
{"learn":[0.0055692794],"iteration":740,"passed_time":58.6483521,"remaining_time":20.49922158},
{"learn":[0.00556019857],"iteration":741,"passed_time":58.71385247,"remaining_time":20.41532876},
{"learn":[0.005554372842],"iteration":742,"passed_time":58.7943559,"remaining_time":20.33667492},
{"learn":[0.005545858704],"iteration":743,"passed_time":58.86757441,"remaining_time":20.25550947},
{"learn":[0.005533918697],"iteration":744,"passed_time":58.93563824,"remaining_time":20.17260101},
{"learn":[0.005524684076],"iteration":745,"passed_time":58.99780176,"remaining_time":20.08772339},
{"learn":[0.005517958238],"iteration":746,"passed_time":59.06308017,"remaining_time":20.00396156},
{"learn":[0.005512145317],"iteration":747,"passed_time":59.14069024,"remaining_time":19.92440366},
{"learn":[0.005505496564],"iteration":748,"passed_time":59.2384198,"remaining_time":19.85159329},
{"learn":[0.005494224838],"iteration":749,"passed_time":59.30785062,"remaining_time":19.76928354},
{"learn":[0.005481655886],"iteration":750,"passed_time":59.38382695,"remaining_time":19.68917831},
{"learn":[0.00547472216],"iteration":751,"passed_time":59.46836958,"remaining_time":19.61190912},
{"learn":[0.005470211305],"iteration":752,"passed_time":59.52398421,"remaining_time":19.52513161},
{"learn":[0.005462607812],"iteration":753,"passed_time":59.61474017,"remaining_time":19.44990196},
{"learn":[0.005457818423],"iteration":754,"passed_time":59.68069839,"remaining_time":19.36658424},
{"learn":[0.005451177657],"iteration":755,"passed_time":59.77255426,"remaining_time":19.29167095},
{"learn":[0.005441254887],"iteration":756,"passed_time":59.84606374,"remaining_time":19.21082363},
{"learn":[0.005434203797],"iteration":757,"passed_time":59.92619358,"remaining_time":19.1321093},
{"learn":[0.005428260052],"iteration":758,"passed_time":60.03245365,"remaining_time":19.06168818},
{"learn":[0.005420693191],"iteration":759,"passed_time":60.12859171,"remaining_time":18.98797633},
{"learn":[0.005413669044],"iteration":760,"passed_time":60.20517087,"remaining_time":18.90806286},
{"learn":[0.005405598605],"iteration":761,"passed_time":60.28909695,"remaining_time":18.83045285},
{"learn":[0.005397887984],"iteration":762,"passed_time":60.35915192,"remaining_time":18.7485177},
{"learn":[0.005390873927],"iteration":763,"passed_time":60.44203943,"remaining_time":18.67057762},
{"learn":[0.005384239553],"iteration":764,"passed_time":60.52740595,"remaining_time":18.59338614},
{"learn":[0.005377611846],"iteration":765,"passed_time":60.61250634,"remaining_time":18.51609201},
{"learn":[0.005370911149],"iteration":766,"passed_time":60.68205683,"remaining_time":18.43405377},
{"learn":[0.005354812538],"iteration":767,"passed_time":60.75010862,"remaining_time":18.35159531},
{"learn":[0.005348003672],"iteration":768,"passed_time":60.83098684,"remaining_time":18.27302726},
{"learn":[0.005340904161],"iteration":769,"passed_time":60.89747694,"remaining_time":18.19015545},
{"learn":[0.005329952106],"iteration":770,"passed_time":60.98571397,"remaining_time":18.11378534},
{"learn":[0.005321518194],"iteration":771,"passed_time":61.07096651,"remaining_time":18.03650306},
{"learn":[0.005310381997],"iteration":772,"passed_time":61.15297774,"remaining_time":17.95824831},
{"learn":[0.005304055891],"iteration":773,"passed_time":61.24240149,"remaining_time":17.88214824},
{"learn":[0.005299709805],"iteration":774,"passed_time":61.32929222,"remaining_time":17.80527839},
{"learn":[0.005288853867],"iteration":775,"passed_time":61.40086209,"remaining_time":17.72396019},
{"learn":[0.005278207494],"iteration":776,"passed_time":61.47318623,"remaining_time":17.64288356},
{"learn":[0.005269580655],"iteration":777,"passed_time":61.56126854,"remaining_time":17.56632599},
{"learn":[0.005261976288],"iteration":778,"passed_time":61.63782792,"remaining_time":17.48646979},
{"learn":[0.005255216976],"iteration":779,"passed_time":61.71385466,"remaining_time":17.40647183},
{"learn":[0.005245633562],"iteration":780,"passed_time":61.78956214,"remaining_time":17.32639451},
{"learn":[0.005237412968],"iteration":781,"passed_time":61.85033778,"remaining_time":17.24216578},
{"learn":[0.00522806978],"iteration":782,"passed_time":61.91824698,"remaining_time":17.15997394},
{"learn":[0.005223408268],"iteration":783,"passed_time":61.97825294,"remaining_time":17.07564112},
{"learn":[0.005217668873],"iteration":784,"passed_time":62.05937044,"remaining_time":16.99715241},
{"learn":[0.005212927758],"iteration":785,"passed_time":62.1500243,"remaining_time":16.92125343},
{"learn":[0.005207267617],"iteration":786,"passed_time":62.22633207,"remaining_time":16.84143422},
{"learn":[0.005201322213],"iteration":787,"passed_time":62.31662726,"remaining_time":16.76538703},
{"learn":[0.005190856673],"iteration":788,"passed_time":62.39296142,"remaining_time":16.68557016},
{"learn":[0.005183547712],"iteration":789,"passed_time":62.46890325,"remaining_time":16.60565783},
{"learn":[0.005176863271],"iteration":790,"passed_time":62.54045116,"remaining_time":16.52459455},
{"learn":[0.00517050724],"iteration":791,"passed_time":62.62320002,"remaining_time":16.44649698},
{"learn":[0.005161505544],"iteration":792,"passed_time":62.73892032,"remaining_time":16.37699433},
{"learn":[0.005155287669],"iteration":793,"passed_time":62.80252761,"remaining_time":16.29385477},
{"learn":[0.005147349402],"iteration":794,"passed_time":62.88439487,"remaining_time":16.21547289},
{"learn":[0.005142186916],"iteration":795,"passed_time":62.96156857,"remaining_time":16.13587938},
{"learn":[0.005138687424],"iteration":796,"passed_time":63.03753296,"remaining_time":16.05598393},
{"learn":[0.005128551001],"iteration":797,"passed_time":63.1194713,"remaining_time":15.97761053},
{"learn":[0.00512222373],"iteration":798,"passed_time":63.18036985,"remaining_time":15.89393534},
{"learn":[0.005113404467],"iteration":799,"passed_time":63.24660778,"remaining_time":15.81165194},
{"learn":[0.005107014612],"iteration":800,"passed_time":63.31537606,"remaining_time":15.73003725},
{"learn":[0.005103687922],"iteration":801,"passed_time":63.3836592,"remaining_time":15.64833481},
{"learn":[0.005098949318],"iteration":802,"passed_time":63.46186248,"remaining_time":15.56909951},
{"learn":[0.005096124254],"iteration":803,"passed_time":63.5471522,"remaining_time":15.49159432},
{"learn":[0.005087626885],"iteration":804,"passed_time":63.63953587,"remaining_time":15.41578819},
{"learn":[0.005078730048],"iteration":805,"passed_time":63.71270564,"remaining_time":15.33531625},
{"learn":[0.005074090664],"iteration":806,"passed_time":63.79338614,"remaining_time":15.25665864},
{"learn":[0.005067069793],"iteration":807,"passed_time":63.87126577,"remaining_time":15.17733048},
{"learn":[0.005059173149],"iteration":808,"passed_time":63.94637746,"remaining_time":15.0973524},
{"learn":[0.005047492128],"iteration":809,"passed_time":64.0330031,"remaining_time":15.02008715},
{"learn":[0.005040520895],"iteration":810,"passed_time":64.11990486,"remaining_time":14.94286315},
{"learn":[0.005033289988],"iteration":811,"passed_time":64.18461525,"remaining_time":14.86047742},
{"learn":[0.005025908373],"iteration":812,"passed_time":64.25629999,"remaining_time":14.77973936},
{"learn":[0.005019714235],"iteration":813,"passed_time":64.3484182,"remaining_time":14.70369261},
{"learn":[0.005016281753],"iteration":814,"passed_time":64.42174385,"remaining_time":14.62334063},
{"learn":[0.005010406968],"iteration":815,"passed_time":64.51612113,"remaining_time":14.5477528},
{"learn":[0.005006399957],"iteration":816,"passed_time":64.59152906,"remaining_time":14.46787003},
{"learn":[0.005000502079],"iteration":817,"passed_time":64.67687374,"remaining_time":14.39020907},
{"learn":[0.004989636622],"iteration":818,"passed_time":64.75797613,"remaining_time":14.3115918},
{"learn":[0.004983925615],"iteration":819,"passed_time":64.84683059,"remaining_time":14.23467013},
{"learn":[0.004976805269],"iteration":820,"passed_time":64.91831672,"remaining_time":14.15393263},
{"learn":[0.004961181713],"iteration":821,"passed_time":64.98682022,"remaining_time":14.07257178},
{"learn":[0.004956181803],"iteration":822,"passed_time":65.07461561,"remaining_time":13.99539121},
{"learn":[0.004948377865],"iteration":823,"passed_time":65.16694543,"remaining_time":13.91915339},
{"learn":[0.004942414133],"iteration":824,"passed_time":65.23067965,"remaining_time":13.83681084},
{"learn":[0.004934731565],"iteration":825,"passed_time":65.30954152,"remaining_time":13.75770003},
{"learn":[0.004926519395],"iteration":826,"passed_time":65.38585572,"remaining_time":13.67805688},
{"learn":[0.004917671838],"iteration":827,"passed_time":65.45322869,"remaining_time":13.59656441},
{"learn":[0.004911674965],"iteration":828,"passed_time":65.50855718,"remaining_tim,
{"learn":[0.0,
{"learn":[0.004906763986],"iteration":829,"passed_time":65.59363658,"remaining_tim,
{"learn":[0.0,
{"learn":[0.004892719404],"iteration":830,"passed_time":65.67027527,"remaining_t,
{"learn":[0.004,
{"learn":[0.004884194376],"iteration":831,"passed_time":65.75092977,"remaining_t,
{"learn":[0.004,
{"learn":[0.004879267314],"iteration":832,"passed_time":65.83021549,"remaining_t,
{"learn":[0.004,
{"learn":[0.004873327392],"iteration":833,"passed_time":65.91252992,"remaining_,
{"learn":[0.0048,
{"learn":[0.004862906858],"iteration":834,"passed_time":65.98716512,"remaining_,
{"learn":[0.0048,
{"learn":[0.004858263614],"iteration":835,"passed_time":66.05176111,"remaining,
{"learn":[0.00487,
{"learn":[0.004848744626],"iteration":836,"passed_time":66.13714015,"remainin,
{"learn":[0.00486,
{"learn":[0.004843364097],"iteration":837,"passed_time":66.21850824,"remaining,
{"learn":[0.00485,
{"learn":[0.004836731924],"iteration":838,"passed_time":66.28330123,"remainin,
{"learn":[0.00484,
{"learn":[0.004830268685],"iteration":839,"passed_time":66.35063305,"remaining,
{"learn":[0.00484,
{"learn":[0.004824220414],"iteration":840,"passed_time":66.42342038,"remaining,
{"learn":[0.00483,
{"learn":[0.004819252743],"iteration":841,"passed_time":66.48129196,"remaining,
{"learn":[0.00483,
{"learn":[0.004813464045],"iteration":842,"passed_time":66.5555053,"remaining_,
{"learn":[0.0048,
{"learn":[0.004805733358],"iteration":843,"passed_time":66.63539728,"remaining_,
{"learn":[0.0048,
{"learn":[0.004798203418],"iteration":844,"passed_time":66.718571,"remaining_ti,
{"learn":[0.00,
{"learn":[0.004793070384],"iteration":845,"passed_time":66.80690681,"remaining_ti,
{"learn":[0.00,
{"learn":[0.004787964398],"iteration":846,"passed_time":66.89359904,"remaining_t,
{"learn":[0.004,
{"learn":[0.004784688966],"iteration":847,"passed_time":66.97283111,"remaining_t,
{"learn":[0.004,
{"learn":[0.00477911852],"iteration":848,"passed_time":67.06328858,"remaining_ti,
{"learn":[0.00,
{"learn":[0.004773761473],"iteration":849,"passed_time":67.13653985,"remaining_ti,
{"learn":[0.00,
{"learn":[0.004768841698],"iteration":850,"passed_time":67.21894557,"remaining_ti,
{"learn":[0.00,
{"learn":[0.004762490655],"iteration":851,"passed_time":67.30254525,"remaining_ti,
{"learn":[0.00,
{"learn":[0.004758623235],"iteration":852,"passed_time":67.39402283,"remaining_t,
{"learn":[0.004,
{"learn":[0.004752271311],"iteration":853,"passed_time":67.4800815,"remaining_ti,
{"learn":[0.00,
{"learn":[0.004747643623],"iteration":854,"passed_time":67.55091348,"remaining_ti,
{"learn":[0.00,
{"learn":[0.00474158652],"iteration":855,"passed_time":67.6271562,"remaining_tim,
{"learn":[0.0,
{"learn":[0.00473702857],"iteration":856,"passed_time":67.72418489,"remaining_tim,
{"learn":[0.0,
{"learn":[0.004732942757],"iteration":857,"passed_time":67.80884153,"remaining_tim,
{"learn":[0.,
{"learn":[0.004724710725],"iteration":858,"passed_time":67.89249144,"remaining_tim,
{"learn":[0.0,
{"learn":[0.004718447439],"iteration":859,"passed_time":67.97876522,"remaining_time":11.06631062},
{"learn":[0.004711465913],"iteration":860,"passed_time":68.06529671,"remaining_time":10.98847415},
{"learn":[0.004705937239],"iteration":861,"passed_time":68.15618741,"remaining_time":10.91131539},
{"learn":[0.004697214059],"iteration":862,"passed_time":68.24296654,"remaining_time":10.83347209},
{"learn":[0.004683892704],"iteration":863,"passed_time":68.31515639,"remaining_time":10.75331165},
{"learn":[0.004678635674],"iteration":864,"passed_time":68.40254918,"remaining_time":10.67554236},
{"learn":[0.004672569369],"iteration":865,"passed_time":68.48801341,"remaining_time":10.59745242},
{"learn":[0.004665414145],"iteration":866,"passed_time":68.54904571,"remaining_time":10.51559755},
{"learn":[0.004659447332],"iteration":867,"passed_time":68.63260341,"remaining_time":10.43721619},
{"learn":[0.004656034826],"iteration":868,"passed_time":68.70766914,"remaining_time":10.35754276},
{"learn":[0.004652534503],"iteration":869,"passed_time":68.78338643,"remaining_time":10.27797728},
{"learn":[0.004644240253],"iteration":870,"passed_time":68.84179753,"remaining_time":10.1958575},
{"learn":[0.004636662613],"iteration":871,"passed_time":68.9195163,"remaining_time":10.11662625},
{"learn":[0.004631354137],"iteration":872,"passed_time":69.00023256,"remaining_time":10.03783452},
{"learn":[0.004625083341],"iteration":873,"passed_time":69.08103498,"remaining_time":9.959050809},
{"learn":[0.004618588178],"iteration":874,"passed_time":69.14587162,"remaining_time":9.87798166},
{"learn":[0.004608926877],"iteration":875,"passed_time":69.23856909,"remaining_time":9.800893341},
{"learn":[0.004602868894],"iteration":876,"passed_time":69.30283642,"remaining_time":9.719782074},
{"learn":[0.004598185119],"iteration":877,"passed_time":69.36671901,"remaining_time":9.638655716},
{"learn":[0.004594655513],"iteration":878,"passed_time":69.45966243,"remaining_time":9.561569003},
{"learn":[0.004588056532],"iteration":879,"passed_time":69.52971552,"remaining_time":9.481324844},
{"learn":[0.004584130542],"iteration":880,"passed_time":69.60763258,"remaining_time":9.402166036},
{"learn":[0.00457673347],"iteration":881,"passed_time":69.68643321,"remaining_time":9.323128252},
{"learn":[0.004570255828],"iteration":882,"passed_time":69.7597928,"remaining_time":9.243370054},
{"learn":[0.004566029609],"iteration":883,"passed_time":69.83487181,"remaining_time":9.163851957},
{"learn":[0.004560499644],"iteration":884,"passed_time":69.91267871,"remaining_time":9.084698363},
{"learn":[0.004555309861],"iteration":885,"passed_time":69.99140718,"remaining_time":9.005666386},
{"learn":[0.004550583015],"iteration":886,"passed_time":70.0838294,"remaining_time":8.928379619},
{"learn":[0.004543442234],"iteration":887,"passed_time":70.14965385,"remaining_time":8.84770409},
{"learn":[0.004536214259],"iteration":888,"passed_time":70.21716871,"remaining_time":8.767273034},
{"learn":[0.004529981312],"iteration":889,"passed_time":70.29479087,"remaining_time":8.68812022},
{"learn":[0.004522488489],"iteration":890,"passed_time":70.37161255,"remaining_time":8.608872916},
{"learn":[0.004518582992],"iteration":891,"passed_time":70.46860441,"remaining_time":8.53207318},
{"learn":[0.004513122474],"iteration":892,"passed_time":70.56752277,"remaining_time":8.455459056},
{"learn":[0.004509417891],"iteration":893,"passed_time":70.64528896,"remaining_time":8.376287058},
{"learn":[0.00450312193],"iteration":894,"passed_time":70.72752164,"remaining_time":8.297642204},
{"learn":[0.004496002035],"iteration":895,"passed_time":70.81741816,"remaining_time":8.219878893},
{"learn":[0.004491636764],"iteration":896,"passed_time":70.88392938,"remaining_time":8.139403262},
{"learn":[0.004487860654],"iteration":897,"passed_time":70.96291646,"remaining_time":8.060375811},
{"learn":[0.004486114503],"iteration":898,"passed_time":71.03777619,"remaining_time":7.980884756},
{"learn":[0.004482047867],"iteration":899,"passed_time":71.1168754,"remaining_time":7.901875044},
{"learn":[0.004473530528],"iteration":900,"passed_time":71.20871486,"remaining_time":7.824265006},
{"learn":[0.004468815889],"iteration":901,"passed_time":71.27415204,"remaining_time":7.743754877},
{"learn":[0.004461865344],"iteration":902,"passed_time":71.3454755,"remaining_time":7.663910436},
{"learn":[0.004456939763],"iteration":903,"passed_time":71.45527081,"remaining_time":7.588170352},
{"learn":[0.004452286341],"iteration":904,"passed_time":71.51086463,"remaining_time":7.506665348},
{"learn":[0.004447668016],"iteration":905,"passed_time":71.59969804,"remaining_time":7.428666242},
{"learn":[0.004444079889],"iteration":906,"passed_time":71.68873576,"remaining_time":7.350664196},
{"learn":[0.004435185552],"iteration":907,"passed_time":71.74306468,"remaining_time":7.269121091},
{"learn":[0.004432613753],"iteration":908,"passed_time":71.80561054,"remaining_time":7.188460461},
{"learn":[0.00442908017],"iteration":909,"passed_time":71.88567929,"remaining_time":7.109572677},
{"learn":[0.004423810809],"iteration":910,"passed_time":71.95133044,"remaining_time":7.029273776},
{"learn":[0.004418759154],"iteration":911,"passed_time":72.04057478,"remaining_time":6.951283532},
{"learn":[0.00441211536],"iteration":912,"passed_time":72.111225,"remaining_time":6.871496797},
{"learn":[0.004409620926],"iteration":913,"passed_time":72.19498595,"remaining_time":6.792963667},
{"learn":[0.004401995312],"iteration":914,"passed_time":72.28119058,"remaining_time":6.71464612},
{"learn":[0.004397749949],"iteration":915,"passed_time":72.35714117,"remaining_time":6.635371024},
{"learn":[0.004390691757],"iteration":916,"passed_time":72.45561519,"remaining_time":6.558141833},
{"learn":[0.004387350429],"iteration":917,"passed_time":72.51840648,"remaining_time":6.477679011},
{"learn":[0.004382297172],"iteration":918,"passed_time":72.59177051,"remaining_time":6.398186519},
{"learn":[0.004378897195],"iteration":919,"passed_time":72.65359697,"remaining_time":6.317704084},
{"learn":[0.004374681783],"iteration":920,"passed_time":72.73763893,"remaining_time":6.239167726},
{"learn":[0.004369930719],"iteration":921,"passed_time":72.80680792,"remaining_time":6.159361191},
{"learn":[0.004365715414],"iteration":922,"passed_time":72.88346751,"remaining_time":6.080202599},
{"learn":[0.004363312405],"iteration":923,"passed_time":72.97982749,"remaining_time":6.002669793},
{"learn":[0.004360030013],"iteration":924,"passed_time":73.0516604,"remaining_time":5.9231076},
{"learn":[0.00435517759],"iteration":925,"passed_time":73.1202448,"remaining_time":5.8433025},
{"learn":[0.004350124065],"iteration":926,"passed_time":73.22172657,"remaining_time":5.766112232},
{"learn":[0.004347560236],"iteration":927,"passed_time":73.30660617,"remaining_time":5.687581513},
{"learn":[0.004338858675],"iteration":928,"passed_time":73.36596231,"remaining_time":5.607086463},
{"learn":[0.004334700461],"iteration":929,"passed_time":73.42780257,"remaining_time":5.526823849},
{"learn":[0.004328111753],"iteration":930,"passed_time":73.50640329,"remaining_time":5.447842993},
{"learn":[0.00432038677],"iteration":931,"passed_time":73.57159567,"remaining_time":5.367884662},
{"learn":[0.004316830558],"iteration":932,"passed_time":73.6881509,"remaining_time":5.291646421},
{"learn":[0.004306498372],"iteration":933,"passed_time":73.76196224,"remaining_time":5.212301401},
{"learn":[0.004300470051],"iteration":934,"passed_time":73.8286881,"remaining_time":5.132475643},
{"learn":[0.004295243845],"iteration":935,"passed_time":73.89398624,"remaining_time":5.052580256},
{"learn":[0.004291373769],"iteration":936,"passed_time":73.98539894,"remaining_time":4.97447186},
{"learn":[0.004286843679],"iteration":937,"passed_time":74.06597191,"remaining_time":4.895618612},
{"learn":[0.00428210757],"iteration":938,"passed_time":74.15477156,"remaining_time":4.817296129},
{"learn":[0.004277937312],"iteration":939,"passed_time":74.23222336,"remaining_time":4.738227023},
{"learn":[0.004271544654],"iteration":940,"passed_time":74.29380771,"remaining_time":4.658166477},
{"learn":[0.004266992737],"iteration":941,"passed_time":74.36462386,"remaining_time":4.578713571},
{"learn":[0.004260343286],"iteration":942,"passed_time":74.44520962,"remaining_time":4.49986951},
{"learn":[0.004256352134],"iteration":943,"passed_time":74.52044306,"remaining_time":4.42070425},
{"learn":[0.00424730715],"iteration":944,"passed_time":74.60225864,"remaining_time":4.341930397},
{"learn":[0.004239888938],"iteration":945,"passed_time":74.69426404,"remaining_time":4.263731774},
{"learn":[0.004235524613],"iteration":946,"passed_time":74.7995705,"remaining_time":4.186248402},
{"learn":[0.004230209445],"iteration":947,"passed_time":74.87493059,"remaining_time":4.107063703},
{"learn":[0.004226529077],"iteration":948,"passed_time":74.9334406,"remaining_time":4.026981529},
{"learn":[0.004221805884],"iteration":949,"passed_time":75.01240225,"remaining_time":3.948021171},
{"learn":[0.004218517707],"iteration":950,"passed_time":75.09211945,"remaining_time":3.86909974},
{"learn":[0.004214579942],"iteration":951,"passed_time":75.18197317,"remaining_time":3.790687723},
{"learn":[0.004209487122],"iteration":952,"passed_time":75.24855071,"remaining_time":3.71110376},
{"learn":[0.004205605995],"iteration":953,"passed_time":75.3277421,"remaining_time":3.63215528},
{"learn":[0.004200664635],"iteration":954,"passed_time":75.40677224,"remaining_time":3.553198692},
{"learn":[0.004196249644],"iteration":955,"passed_time":75.50331355,"remaining_time":3.475047904},
{"learn":[0.004194021415],"iteration":956,"passed_time":75.57927893,"remaining_time":3.395934163},
{"learn":[0.004190233575],"iteration":957,"passed_time":75.64973997,"remaining_time":3.316585677},
{"learn":[0.004183407652],"iteration":958,"passed_time":75.72446834,"remaining_time":3.237438167},
{"learn":[0.004178793199],"iteration":959,"passed_time":75.78578396,"remaining_time":3.157740998},
{"learn":[0.004174004481],"iteration":960,"passed_time":75.8611297,"remaining_time":3.078651466},
{"learn":[0.004169340365],"iteration":961,"passed_time":75.95883255,"remaining_time":3.000452845},
{"learn":[0.004164950969],"iteration":962,"passed_time":76.04954505,"remaining_time":2.921945137},
{"learn":[0.004160929432],"iteration":963,"passed_time":76.13620414,"remaining_time":2.843260735},
{"learn":[0.004156696468],"iteration":964,"passed_time":76.20954245,"remaining_time":2.7,
{"learn,
{"learn":[0.004152028633],"iteration":965,"passed_time":76.27217585,"remaining_time":2.6,
{"learn,
{"learn":[0.004146201795],"iteration":966,"passed_time":76.35383735,"remaining_time":2.,
{"learn",
{"learn":[0.004141421084],"iteration":967,"passed_time":76.44360912,"remaining_time":2.,
{"learn",
{"learn":[0.004139366458],"iteration":968,"passed_time":76.50478842,"remaining_time":2.,
{"learn",
{"learn":[0.00413381648],"iteration":969,"passed_time":76.57626737,"remaining_time":2.,
{"learn",
{"learn":[0.004129043189],"iteration":970,"passed_time":76.65438407,"remaining_time":,
{"learn":[,
{"learn":[0.004125957826],"iteration":971,"passed_time":76.73781523,"remaining_time":,
{"learn":[,
{"learn":[0.00412202315],"iteration":972,"passed_time":76.81427275,"remaining_time":2,
{"learn",
{"learn":[0.004115865488],"iteration":973,"passed_time":76.88101929,"remaining_time":2.,
{"learn",
{"learn":[0.00411180393],"iteration":974,"passed_time":76.97453746,"remaining_time":1.9,
{"learn,
{"learn":[0.00410858479],"iteration":975,"passed_time":77.05847765,"remaining_time":1.8,
{"learn,
{"learn":[0.004102963487],"iteration":976,"passed_time":77.1405857,"remaining_time":1.81,
{"lear,
{"learn":[0.004098153167],"iteration":977,"passed_time":77.2470604,"remaining_time":1.737,
{"lea,
{"learn":[0.004096161679],"iteration":978,"passed_time":77.32890724,"remaining_time":1.658,
{"lea,
{"learn":[0.004091240445],"iteration":979,"passed_time":77.40134943,"remaining_time":1.579,
{"lea,
{"learn":[0.004088392437],"iteration":980,"passed_time":77.47700213,"remaining_time":1.500,
{"lea,
{"learn":[0.004084779563],"iteration":981,"passed_time":77.54634525,"remaining_time":1.421,
{"le,
{"learn":[0.004081791711],"iteration":982,"passed_time":77.60652767,"remaining_time":1.3421,
{"le,
{"learn":[0.004075641545],"iteration":983,"passed_time":77.67590893,"remaining_time":1.263,
{"lea,
{"learn":[0.004069870938],"iteration":984,"passed_time":77.73635471,"remaining_time":1.183,
{"lea,
{"learn":[0.004059119162],"iteration":985,"passed_time":77.80318523,"remaining_time":1.104,
{"lea,
{"learn":[0.004053790998],"iteration":986,"passed_time":77.86709107,"remaining_time":1.025,
{"le,
{"learn":[0.004048830178],"iteration":987,"passed_time":77.92569084,"remaining_time":0.94646,
{"le,
{"learn":[0.004044450082],"iteration":988,"passed_time":77.98893441,"remaining_time":0.86741,
{"le,
{"learn":[0.004040417109],"iteration":989,"passed_time":78.05521072,"remaining_time":0.78843,
{"le,
{"learn":[0.004035820776],"iteration":990,"passed_time":78.13760967,"remaining_time":0.7096251131},
{"learn":[0.004030981341],"iteration":991,"passed_time":78.21222411,"remaining_time":0.6307437429},
{"learn":[0.004027522405],"iteration":992,"passed_time":78.28805756,"remaining_time":0.5518795598},
{"learn":[0.00402426688],"iteration":993,"passed_time":78.34040744,"remaining_time":0.472879723},
{"learn":[0.004019948985],"iteration":994,"passed_time":78.40164038,"remaining_time":0.3939780924},
{"learn":[0.004016010302],"iteration":995,"passed_time":78.4655079,"remaining_time":0.3151225217},
{"learn":[0.004009597713],"iteration":996,"passed_time":78.52482225,"remaining_time":0.2362833167},
{"learn":[0.004006376937],"iteration":997,"passed_time":78.57645956,"remaining_time":0.1574678548},
{"learn":[0.003998958782],"iteration":998,"passed_time":78.62378634,"remaining_time":0.07870248882},
{"learn":[0.00399648996],"iteration":999,"passed_time":78.65946134,"remaining_time":0}
]}":0}
]}